article_id,case_id,pos
PMC5137649,PMC5137649_01,Noun Number Noun Adjective/Noun Noun Medico Medico Noun Number Noun Noun Medico Adjective/Adverb/Noun/Verb Noun/Verb Medico Noun/Verb Noun Adjective/Noun Noun/Verb Medico Medico Noun Medico Noun Medico Adjective/Adverb/Noun Adjective/Noun Noun Medico Noun Noun Medico Adjective/Adverb Adverb Adjective Medico Medico Adjective Noun Medico Adjective Medico Medico Noun/Verb Adjective Medico Noun Medico Noun ExamResult Adjective Noun Adverb Medico Noun/Verb Medico Noun/Verb Noun/Verb Medico Medico Noun Noun Number Medico Adverb Medico Medico Medico Medico Medico Adjective/Noun Adjective Medico Medico Noun Noun Noun ExamResult Adjective/Noun ExamResult Medico Medico Adjective/Adverb/Noun/Verb Medico Adjective Medico Noun Medico Noun Noun Number Adverb Adjective Medico Noun/Verb Medico Medico Medico Noun Adjective Adjective/Adverb/Noun Noun/Verb Medico Noun Adverb Medico Noun/Verb Medico Noun Medico Adjective Noun Adverb/Noun Adjective/Adverb/Noun/Verb Adverb/Noun Noun Medico Noun Medico Adjective/Noun/Verb Medico Number Number Medico Noun Medico Noun Noun Noun Noun Number Number Adjective/Noun/Verb Medico ExamResult Noun Medico Medico Noun Medico Noun Adjective Adjective Adjective Noun Medico Adjective/Noun Medico Adverb Medico Medico Adjective Noun Noun Medico Adjective Noun Medico Adjective Noun Medico Noun/Verb Medico Medico Medico Noun Noun/Verb Medico Medico Adjective Noun Medico Adjective/Adverb/Noun Medico Medico Adjective/Adverb Medico Medico Adjective/Noun Noun/Verb Medico Medico Noun/Verb Medico Noun Medico Adjective Medico Noun/Verb Adverb Adjective/Noun Medico Adjective Medico Noun/Verb Medico Noun Medico Noun Medico Medico Adjective/Adverb/Noun/Verb Medico Medico Noun Medico Noun Medico Adjective Medico Medico Noun Medico Medico Medico Noun/Verb Medico Noun Medico Medico Medico Adjective/Adverb/Noun Adjective Medico Medico Medico Noun/Verb Medico Adjective Adjective/Adverb Adjective/Adverb/Verb Noun Medico Noun Medico Adjective/Noun Medico Medico Adjective Noun Medico Medico Noun Medico Adjective Medico Noun Adjective/Noun/Verb Noun Medico Noun/Verb Medico Adverb Medico Medico Medico Adjective Noun Noun Medico Adjective Medico Noun/Verb Medico Medico Medico Adjective/Noun Noun/Verb Noun Medico Adjective Adjective/Adverb/Verb Medico Adjective Medico Medico Noun Medico Noun Medico Medico Noun Adverb Medico Noun Noun/Verb Medico Medico Adjective/Noun Noun/Verb Medico Medico Noun/Verb Medico Noun Adjective Noun Medico Medico Noun/Verb Medico Medico Medico Noun Medico Noun Adjective Adjective/Noun/Verb Noun/Verb Adjective/Adverb Medico Adjective/Noun Noun/Verb Noun/Verb Medico Adjective/Adverb/Noun Noun/Verb Medico Noun Noun Noun/Verb Medico Adjective/Noun/Verb Medico Medico Adjective Adjective/Noun Noun Medico Noun ExamResult Adjective/Noun ExamResult Adjective/Noun ExamResult Noun Medico Noun Adjective/Noun/Verb Adjective Noun Noun/Verb Adjective Medico Noun Medico Medico Number Number Medico Adjective/Noun Medico Adjective Adjective/Adverb/Noun/Verb Adjective/Adverb Adjective Noun Number Medico Adjective/Adverb/Noun/Verb Medico Medico Noun Adjective/Noun Noun/Verb Medico Adjective/Adverb Medico Adjective/Adverb Verb Adjective/Adverb/Verb Medico Medico Adjective/Verb Noun Medico Medico Noun/Verb Medico Noun Medico Noun Noun/Verb Medico Adjective/Noun Noun Noun/Verb Medico Noun
PMC9387390,PMC9387390_01,Noun Number Noun Adjective/Noun Noun/Verb Medico Adjective/Adverb/Noun Adjective Adjective/Adverb/Noun Adjective/Noun Noun Adjective Noun Adverb Medico Medico Adjective Adjective/Noun Noun Medico Noun Medico Noun Noun Noun Medico Adjective Adjective Noun Noun Adjective/Noun Adjective Medico Noun/Verb Noun/Verb Medico Noun Noun Medico Adjective Adverb Adjective/Noun Medico Adjective/Adverb Noun Noun/Verb Noun Medico Medico Noun Adjective Noun Adjective/Noun Adjective Adjective/Noun/Verb Medico Medico Noun Medico Medico Adjective/Noun Adjective Medico Noun Adjective Adjective/Noun Medico Medico Adjective/Adverb/Noun/Verb Noun/Verb Medico Medico Noun Medico Adjective/Noun Medico Noun Adjective Noun Medico Medico Adjective/Noun/Verb Medico Medico Adjective Medico Adjective Adverb Medico Adjective/Adverb Adjective Noun Noun Medico Noun/Verb Medico Medico Medico Adjective/Noun Adjective Noun Medico Noun Medico Noun Adjective/Noun Medico Adverb Adjective Noun Noun Medico Medico Medico Medico Adjective/Adverb Noun Adverb Number Medico Adjective/Adverb Medico Noun Medico Noun Noun Medico Medico Medico Noun Medico Noun Noun Medico Adjective/Noun Noun Medico Noun Medico Adjective Medico Adjective Noun Noun Adjective/Noun Medico Medico Adjective Adjective/Noun/Verb Noun/Verb Number Medico Adjective/Noun Medico Medico Medico Medico Medico Adjective/Noun Noun/Verb Adverb Noun Adjective/Adverb/Noun Noun Medico Medico Adjective Adverb Noun Adjective Noun/Verb Adjective/Adverb Adjective Noun Noun/Verb Number Medico Noun Medico Medico Medico Adjective Noun Medico Medico Medico Adjective Medico Noun/Verb Adjective/Adverb/Verb Medico Medico Adjective Medico Adjective/Noun Medico Medico Adjective Medico Noun Adjective Noun/Verb Medico Adjective/Adverb/Noun Adjective/Adverb/Noun Noun/Verb Noun Medico Noun/Verb Medico Adjective/Adverb Noun/Verb Number Number Noun Adjective/Adverb Medico Noun Noun Medico Adjective/Adverb/Noun Noun/Verb Adverb Adjective/Adverb/Noun Noun/Verb Medico Adjective Medico Adjective/Noun/Verb Medico Medico Medico Adverb/Noun Medico Adjective/Adverb/Verb Noun Medico Noun/Verb Medico Medico Noun Medico Adjective Noun Noun Verb Adjective/Adverb/Verb Noun Adjective/Adverb Noun/Verb Number Number Noun Adjective/Adverb Medico Adjective/Adverb/Noun/Verb Noun Medico Noun Medico Medico Noun/Verb Medico Adjective Adjective/Adverb/Noun Noun Medico Adjective/Adverb Adjective Noun Medico Medico Noun Noun/Verb Medico Medico Medico Adjective Noun Medico Number Medico Medico Adjective/Noun Adjective/Adverb Noun/Verb Number Medico Medico Medico Medico Medico Noun/Verb Medico Medico Medico Adverb Adjective/Noun/Verb Medico Noun/Verb Medico Noun Adjective Adjective/Noun Medico Adjective Adjective/Adverb/Noun Medico Noun/Verb Medico Medico Noun Medico Noun Medico Adjective/Noun Medico Adjective/Adverb/Noun Medico Medico Medico Noun/Verb Medico Adjective/Adverb/Verb Noun Adjective/Noun Adjective Noun Medico Adjective Adjective Noun Adjective/Noun Medico Adjective/Adverb/Verb Adjective/Noun Adjective Noun Noun Medico Noun/Verb Medico Adjective Adverb Medico Noun Noun/Verb Number Medico Verb Medico Adjective/Adverb/Verb Noun/Verb Adjective Noun Medico Adjective/Noun Adjective Medico Medico Medico Medico Noun Medico Adjective Medico Noun/Verb Adjective Adjective/Adverb Medico Adverb Medico Medico Noun Medico Adjective Noun/Verb Adjective Medico Medico Adjective Noun Medico Adjective/Noun Medico Adjective Adjective/Noun Noun Noun/Verb Noun Noun/Verb Number Medico Adjective/Noun Medico Adjective/Noun Adjective Medico Medico Adjective/Adverb/Noun Noun Noun/Verb Noun/Verb Noun Medico Noun/Verb Medico Adjective Noun Medico Noun/Verb Medico Medico Noun Adjective/Adverb/Noun Noun/Verb Medico Medico Medico Medico Medico Adjective/Noun Medico Medico Adjective/Adverb Medico Noun Medico Medico Medico Noun Medico Medico Medico Adjective Noun Medico Noun Medico Noun Noun/Verb Medico Medico Adjective/Noun Noun Medico Medico Medico Medico Verb Medico Adjective/Verb Adjective Noun Medico Noun/Verb Number Adjective Noun Adverb Adjective/Noun Adjective/Noun Noun Noun/Verb Medico Medico Medico Medico Noun Medico Medico Medico Noun/Verb Adjective/Adverb/Noun Medico Adjective Noun Medico Adjective/Noun Noun Medico Adverb Medico Medico Noun Noun Noun/Verb Medico Adjective Noun Medico Adjective Medico Noun/Verb Adverb Medico Medico Medico Noun Medico Noun/Verb Adjective Medico Noun Adjective Noun Medico Adjective Adjective Noun Medico Adjective/Noun Medico Adjective Medico Adjective Noun Medico Noun Medico Noun Adjective Noun Medico Medico Noun Noun/Verb Adjective/Noun Noun Medico Adjective/Adverb/Noun Medico Medico Noun Adjective Adjective/Adverb Noun Medico Adjective Noun Noun Medico Medico Adjective/Noun Noun Adjective/Adverb/Noun Noun Noun/Verb Medico Verb Adjective Noun Noun Medico Noun ExamResult Adjective/Noun ExamResult Noun Adjective Medico Noun Medico Adjective Adjective/Adverb Adjective/Noun/Verb Adjective Noun Adjective Medico Medico Adjective Adjective Noun Medico Noun Noun/Verb Medico Noun/Verb Medico Medico Noun Noun Medico Adjective/Adverb/Noun Adjective Noun Adjective/Adverb Medico Noun Adjective Medico Adjective/Noun Noun ExamResult Adjective/Noun ExamResult Noun Adjective Medico Noun Noun/Verb Number Adjective/Noun Noun Adjective/Adverb Noun Noun/Verb Noun Medico Noun Adjective/Adverb/Noun Noun/Verb Medico Medico Noun/Verb Medico Medico Noun Noun Noun/Verb Medico Noun/Verb Noun/Verb Number Medico Adverb Adjective Adjective Noun Medico Medico Adjective/Noun Noun Adjective/Adverb Medico Noun Medico Adjective/Noun Medico Adjective Adjective/Adverb/Noun/Verb Medico Adjective Noun/Verb Medico Medico Adjective/Noun Medico Noun Medico Adverb Adverb Medico Medico Noun Noun/Verb
PMC3437073,PMC3437073_01,Noun Number Noun Adjective/Noun Adjective/Noun Medico Medico Noun Adverb Adjective Adjective/Noun/Verb Adjective/Adverb Medico Adjective/Adverb/Noun Adjective/Noun Noun/Verb Noun Medico Adjective/Noun Noun Adjective/Adverb/Noun Noun Noun Medico Adjective/Noun Noun Noun Medico Adjective/Adverb/Noun Adjective Adjective/Noun Medico Medico Adjective/Adverb/Noun Noun Medico Noun/Verb Medico Noun Adjective Adjective/Noun Adjective/Adverb Noun Noun Medico Adjective Adjective/Noun/Verb Noun Adjective/Adverb ExamResult Adjective/Adverb/Noun Noun Adjective/Adverb Medico Adjective Adjective/Adverb/Noun Noun Adjective Medico Adjective Medico Medico Noun/Verb Medico Medico Adjective/Noun/Verb Medico Adverb Adjective/Noun Adjective/Noun/Verb Adverb Adverb Adjective/Adverb/Verb Adverb Medico Medico Medico Adjective/Adverb/Noun Verb Medico Adjective/Noun/Verb Adjective/Adverb Medico Adjective/Adverb/Noun Noun/Verb Noun Medico Adjective/Noun Noun Adverb Medico Noun Medico Adjective ExamResult Adverb Medico Adjective Noun Adjective Medico Medico Adjective/Noun Noun Adjective/Noun Medico Medico Noun Medico Noun Adjective/Adverb/Verb Medico Noun Medico Medico Adjective/Adverb/Noun/Verb Noun Adjective Medico Noun Adjective/Noun Adjective Noun Adjective/Noun Medico Medico Medico Medico Adjective/Adverb/Noun Medico Adjective/Adverb/Noun Adjective/Noun Noun Noun/Verb Number Noun Medico Medico Noun Medico Noun Adjective Noun Medico Medico Medico Noun Noun Noun/Verb Medico Medico Noun Medico Noun Adjective Noun Noun Medico Adjective Adjective Noun Adjective/Adverb Medico Noun/Verb Noun Noun/Verb Noun/Verb Number Adjective Adjective/Adverb Medico Noun Noun Adjective Adjective Adjective Noun Medico Medico Adjective/Adverb Adjective/Noun Noun Adjective/Adverb Adjective/Noun/Verb Noun Medico Adjective Noun Medico Adjective Medico Adjective Medico Noun Medico Medico Adverb Medico Noun Medico Adjective/Noun/Verb Medico Noun/Verb Adjective Medico Medico Adjective/Noun Medico Medico Noun/Verb Noun Noun/Verb Adverb/Noun Medico Noun Noun Noun Adverb Medico Noun Noun Medico Medico Adjective Noun Adjective/Adverb Noun Adjective/Adverb/Noun Noun Adjective/Adverb/Noun Medico Noun/Verb Noun Noun/Verb Adverb Medico Noun Medico Medico Noun Medico Medico Adjective Adjective/Adverb/Noun Noun Medico Adjective Adjective/Noun Medico Medico Medico Noun Medico Medico Adjective/Noun Adjective Noun Medico Medico Medico Medico Medico Adjective/Noun Medico Medico Medico Noun Noun/Verb Number Adjective/Noun Adjective/Adverb/Noun/Verb Medico Noun Adjective Medico Adjective Medico Medico Adjective/Adverb Adjective/Noun/Verb Medico Adjective/Noun Medico Medico Adjective/Adverb Noun Noun ExamResult Noun Noun ExamResult Noun Medico ExamResult Noun Medico Medico ExamResult Noun Medico Number Medico Adjective/Adverb/Noun Adjective Adjective/Adverb Medico Adjective/Noun Adjective/Noun Medico Medico Adjective/Noun Noun Noun/Verb Adjective Adjective/Adverb Adjective/Noun Adjective Medico Medico Medico Adjective/Adverb/Noun Adjective Noun/Verb Noun Adjective/Noun Noun Verb Adjective/Adverb/Verb
PMC7102447,PMC7102447_01,Noun Number Noun Adjective/Noun Adjective/Noun Medico Noun Adjective/Adverb/Noun Adjective/Noun Noun Adjective Medico Noun Noun Medico Adverb Adjective Medico Adjective Noun Noun Medico Noun ExamResult Adjective/Noun Adjective Adjective Noun Adjective/Noun Noun Adjective/Noun Medico Medico Adjective Adjective Noun/Verb Medico Adjective Noun Adjective/Noun/Verb Noun Noun Medico Noun Noun Medico Adjective/Adverb/Noun Adjective/Noun Medico Noun/Verb Adjective/Adverb/Noun/Verb Noun/Verb Noun/Verb Noun/Verb Medico Noun/Verb Medico Adjective/Adverb/Noun Adjective Noun Adjective/Noun/Verb Medico Medico Adjective/Noun Noun Number Number Noun Noun Adverb Medico Noun Medico Adjective/Noun/Verb Medico Medico Adjective/Noun Medico Number Number Noun Noun Medico ExamResult Adverb Noun Medico Medico Noun Noun Medico Number Number Noun Medico Medico Number Medico Noun Noun Medico Number Number Adjective/Noun Noun/Verb Medico Medico Adjective/Noun Noun/Verb Noun Medico Adjective/Noun Medico Medico Adverb Adjective/Adverb Noun Noun Medico Noun Medico Adjective/Noun Adjective/Noun Noun Medico Medico Noun Noun Medico Medico Medico Noun Medico Adjective/Noun/Verb Adjective Noun/Verb Noun/Verb Medico Adjective Noun Medico Medico Adjective Noun Medico Noun Medico Noun Noun/Verb Medico Medico Noun Noun Adjective/Noun Noun Medico Medico Medico Adjective Noun Medico Adjective Adjective Noun Medico Noun Medico Noun Adjective/Noun/Verb Noun Medico ExamResult Medico Noun Noun Medico Number Number Medico Noun/Verb Number Medico Noun/Verb Medico Adjective/Noun Medico Adverb Adjective Number Medico Medico Noun Adjective/Noun Medico Medico Adjective Noun Noun Medico Medico Adjective/Adverb/Noun Adverb/Noun Adjective/Adverb Noun Noun Medico Adverb Adjective/Noun/Verb Medico Noun/Verb Adjective/Adverb/Verb Adjective/Verb Noun Noun Medico Adverb Medico Adjective Verb Adjective Noun Noun Medico Noun ExamResult Medico Noun Adjective Noun Medico Noun Medico Adjective Medico Noun/Verb Noun Adjective Noun/Verb Medico Adjective/Noun Adjective/Adverb Medico Adjective Adjective/Noun/Verb Medico Adjective/Adverb Noun Medico Number Medico Number Medico Noun Noun Adjective Medico Noun Adjective/Noun Noun Noun Medico Noun/Verb Medico Medico Medico Adjective Noun Adjective/Noun/Verb Noun Medico Adjective Medico ExamResult Medico Noun Medico Adjective/Adverb/Noun/Verb Medico Medico Medico Adjective/Noun Medico Adverb Medico Medico Medico Medico Noun Medico Noun Medico Medico Medico Adjective/Noun/Verb Medico Noun Medico Medico Adjective/Adverb/Noun/Verb Adjective/Adverb Verb Adjective/Adverb/Verb
PMC6354154,PMC6354154_01,Noun Number Noun Adjective/Noun Medico Medico Medico Adjective/Adverb/Noun Medico Noun Medico Medico Medico Noun Medico Verb Medico Adjective/Noun Noun Medico Medico Adjective Medico Adjective/Adverb/Noun Noun Medico Adjective Medico Noun Medico Medico Noun Noun/Verb Number Medico Medico Adjective Adjective/Noun Medico Medico Adjective/Noun Noun Medico Adjective Adjective/Noun Medico Adjective/Noun Noun Adjective/Adverb Medico Adverb Adjective/Noun Noun Adjective/Adverb/Noun Adjective/Noun Adjective/Adverb/Noun Medico Noun Medico Noun Medico Noun Noun Adjective/Adverb Noun/Verb Medico Adjective Noun Adjective/Noun/Verb Noun Medico Noun/Verb Adjective/Noun/Verb Noun/Verb Medico Adjective/Noun Adverb Medico Medico Adjective/Noun Noun/Verb Noun/Verb Medico Adjective Noun/Verb Noun Noun Noun Adjective/Adverb/Noun/Verb Medico Noun Medico Medico Medico Noun Medico Noun Medico Medico Adjective/Noun Noun Medico Noun Medico Medico Adverb Adjective Medico Medico Medico Noun Adjective/Adverb/Noun Medico Adjective/Noun/Verb Adjective/Adverb/Noun Medico Adjective/Adverb/Noun/Verb Noun Medico Number Medico Medico Medico Medico Adjective/Noun Medico Noun/Verb Medico Adjective Medico Medico Adjective/Adverb/Noun Adjective Adjective/Adverb/Noun Adjective/Noun Noun Medico Medico Noun Noun Medico Adjective/Noun Medico Medico Medico Medico Noun Adjective Noun Medico Adjective Noun Adjective/Adverb/Noun Medico Noun Adjective Medico Medico Medico Medico Noun Adjective Adjective Adjective/Noun Medico Adjective Noun Medico Adjective/Adverb Adjective/Noun Medico Adjective Medico Adjective Medico Noun/Verb Medico Adjective Adjective/Adverb/Noun Medico Adjective/Adverb/Noun/Verb Noun Medico Adjective/Noun/Verb Medico Adjective Medico Noun/Verb Medico Adjective Adjective/Adverb/Noun Noun Adjective Noun/Verb Adjective Noun Noun/Verb Adjective Adjective Noun Medico Adjective Adjective/Noun/Verb Medico Adjective/Noun Medico Adjective Noun Adverb Noun Medico Noun Adjective/Noun/Verb Adjective/Noun Noun Noun Adjective/Noun Medico Adjective/Adverb/Noun Adjective Noun Medico Noun Adjective/Noun/Verb Medico Adjective/Adverb/Noun/Verb Adjective/Noun Adjective/Noun/Verb Adverb Medico Adjective Noun Medico Adverb Adverb Adjective Adverb Noun Noun Noun Adjective Adverb Adjective/Adverb/Noun Adjective Medico Medico Adjective/Adverb/Noun Medico Medico Adjective Adjective Noun Medico Noun Medico Adjective Medico Noun/Verb Medico Adjective Medico Medico Adjective/Verb Noun/Verb Number Medico Noun/Verb Medico Adjective/Verb Noun Medico Medico Medico Medico Medico Noun Noun/Verb Number Medico Medico Medico Adjective Medico Adjective Noun Noun Noun Medico Adjective/Adverb/Noun Medico Adjective Noun Medico Noun Medico Medico Adjective/Adverb/Verb Medico Adjective/Noun Medico Medico Noun Noun Medico Medico Medico Noun Noun Number Medico Medico Medico Adjective/Adverb/Noun Noun/Verb Medico Noun Medico Medico Verb Adjective/Adverb/Verb Adjective/Adverb/Noun Adjective Noun/Verb Noun Medico Medico Medico Medico Adjective/Adverb/Noun Medico Noun Noun Adverb Noun Noun Noun Adjective/Adverb/Noun Adjective/Adverb/Noun Medico Medico Medico Adjective Noun Medico Medico Adjective/Adverb/Noun Noun Noun Number Medico Adverb Medico Medico Adjective/Adverb/Noun/Verb Adverb Adjective Medico Adjective/Adverb/Noun Noun/Verb Medico Noun Adverb
PMC4782471,PMC4782471_01,Noun Number Noun Adjective/Noun Adjective/Noun Adjective/Noun Medico Medico Medico Medico Noun ExamResult Adjective/Adverb/Noun Adjective Noun Adjective Adjective/Adverb/Noun Adjective Noun Medico Adjective/Adverb/Noun Adjective Noun Medico Medico Adjective Medico Noun Noun/Verb Adjective/Adverb Medico Medico Adjective Noun Adjective/Adverb Noun Medico Medico Adjective Medico Medico Noun/Verb Medico Adjective Medico Adjective/Adverb/Noun/Verb Adverb Noun Medico Noun/Verb Medico Adverb Medico Noun Adjective/Adverb/Noun Adjective/Noun/Verb Medico Medico Medico Medico Adjective Medico Noun Noun Noun Adjective/Adverb Noun/Verb Medico Adjective/Noun Medico Noun Noun/Verb Noun Noun Number Adjective/Noun Number Medico Noun Medico Noun Adjective/Adverb Adjective/Noun/Verb Noun Adjective/Noun Adjective Medico Adjective/Adverb Noun Medico Adjective Adverb/Noun Medico Noun Medico Medico Noun Noun Noun Adjective/Adverb/Noun Number Medico Medico Adjective/Noun ExamResult Noun Medico Medico Adverb Medico Noun Medico Noun Adjective Noun/Verb Number Noun Adjective/Adverb Medico Noun Medico Adjective Medico Adjective/Adverb/Noun Adjective/Noun Noun/Verb Medico Noun Adjective Medico Adjective/Noun Noun Adjective/Adverb Medico Adjective/Noun Adjective Noun Adjective Noun Medico Adjective/Adverb/Verb Medico Number Adjective/Noun Medico Medico Medico Verb Medico Noun Number Noun Adverb/Noun/Verb Medico Noun Medico Medico Adjective/Noun Medico Medico Medico Medico Adjective Noun/Verb Medico Adjective Noun Medico Noun Medico Number Adjective/Noun Noun Noun/Verb Medico Number Adjective/Noun Adjective Noun/Verb Medico Number Noun Medico Noun/Verb Noun/Verb Medico Number ExamResult Noun Adjective/Adverb Noun Noun Adjective/Adverb Adjective Noun/Verb Number Number Medico Adjective Adjective/Adverb/Noun Medico Noun/Verb Adjective/Adverb/Noun Adjective Noun/Verb Medico Adjective/Adverb/Noun Medico Adjective/Adverb/Noun Noun/Verb Medico Noun Noun Noun Noun Adjective Noun Medico Medico Noun Adjective/Noun Noun Noun Noun/Verb Medico ExamResult Noun Adjective/Noun Adjective Noun Medico ExamResult Noun Noun Adjective/Noun/Verb Noun/Verb Noun Noun/Verb Medico Number Number Medico Medico Adjective/Noun Noun Noun/Verb Adverb/Noun Adjective/Adverb/Noun/Verb Adverb/Noun Noun Medico ExamResult Medico Medico Medico Adjective Noun/Verb Noun Adjective/Noun Medico Medico Noun/Verb Medico Medico Adjective Medico Adjective/Adverb Medico Noun Medico Noun Medico Noun Medico ExamResult Adjective/Noun ExamResult Adjective Medico Medico Adjective Noun Noun Noun/Verb Adjective Noun Medico Adjective Adjective Noun Noun Adverb Medico Adjective/Noun/Verb Medico Adjective Noun Medico Medico Adjective/Adverb/Noun/Verb Noun Adverb Adjective/Adverb/Noun Adjective Noun Medico Medico Medico Adverb Adjective Adverb Medico Noun/Verb Medico Adjective/Adverb/Noun Adjective/Noun Noun/Verb Medico Adjective/Noun Medico Medico Medico Adjective Noun Medico Medico Adverb Adjective/Adverb Medico Noun Medico Medico Noun Medico Noun Medico Adjective/Noun Medico Noun Noun Medico Adjective Adjective/Adverb/Noun Medico Medico Adjective/Adverb/Noun Noun Medico Noun Adjective Noun Medico Adjective/Adverb/Noun Medico Noun Medico Medico Adjective/Adverb/Noun Noun Medico Number Medico Medico Adjective Medico Verb Adjective Noun Noun/Verb Medico Medico Adjective Noun Noun Adjective/Adverb/Noun Noun Noun/Verb Medico Adjective/Adverb/Noun Adjective/Noun Adjective Noun Medico Adjective/Noun Adjective/Adverb/Noun Medico Adjective Noun Adjective/Adverb Adjective Noun/Verb Adjective/Noun Medico Adjective/Adverb/Noun/Verb Noun Medico Noun Adjective Adjective Noun Medico Medico Medico Adjective Medico Adverb Medico Noun/Verb Noun/Verb Number Medico Noun/Verb Medico Adjective Medico Medico Medico Medico Adjective Adverb Noun Adjective Adjective Noun/Verb Noun Noun Adjective Medico Noun/Verb Noun/Verb Number Medico Adjective Noun Medico Adverb Noun/Verb Medico Medico Medico Medico Medico Noun Adjective/Noun/Verb Number Noun/Verb Noun Noun/Verb Number Medico Noun/Verb Medico Adjective/Noun/Verb Noun/Verb Noun/Verb Medico Number Medico Number Noun Adverb Medico Adjective/Noun Adjective Noun Noun/Verb Adverb Medico Medico Medico Adverb Medico Adjective Medico Verb Medico Noun Noun Medico Adjective Noun Medico Adjective Adjective/Adverb/Noun Medico Medico Medico Noun Noun Medico Medico Medico Medico Adjective Adjective/Adverb Medico Medico Medico Medico Adjective Medico Medico Adjective/Noun/Verb Medico Medico Number Noun Adjective/Adverb Noun
PMC4835621,PMC4835621_01,Noun Number Noun Adjective/Noun Adjective/Noun Medico Medico Medico Noun Adjective Noun/Verb Medico Noun Medico Noun Adjective/Noun Noun Noun Medico Medico Adjective/Noun Adjective/Adverb/Noun Medico Adjective/Noun Medico Noun/Verb Medico Medico Adjective/Noun Medico Medico Adjective Medico Adjective/Adverb Noun Adjective/Adverb/Noun Noun Medico Adjective Noun/Verb Medico Noun Medico Medico Adjective/Adverb/Noun Noun Medico Adjective/Noun Medico Medico Noun Adjective/Adverb Adjective/Noun Noun/Verb Adjective/Adverb/Noun Medico Adjective/Noun Medico Medico Noun/Verb Medico Adjective/Noun Noun Adjective/Adverb/Noun Medico Adjective/Adverb/Noun/Verb Medico Adjective/Noun Medico Noun Adjective/Noun Noun/Verb Medico Adjective/Noun Adverb Medico Adjective/Noun Noun Medico Noun/Verb Noun Noun Noun Noun Noun Noun Noun Medico Adjective/Noun Medico Adverb Adjective Adjective/Verb Noun/Verb Medico Medico Noun Medico Adjective/Noun Noun Adjective/Adverb/Noun Adjective/Noun Noun Medico Adjective Medico Noun Medico Noun Medico Adjective/Noun Noun Adjective/Noun Medico Medico Noun Noun Noun/Verb Noun Medico Noun Medico Noun Adjective/Noun Medico Noun Noun Adjective/Adverb/Noun Medico Medico Adjective/Noun Noun Medico Medico Adjective Adjective/Adverb/Noun Medico Adjective/Adverb/Noun Adjective/Noun Noun Adjective Noun Medico Noun Medico Medico Adjective/Noun Noun Adjective Medico Medico Adjective/Noun Medico Noun Medico Adjective/Noun Medico Adverb Adjective/Adverb/Noun Noun/Verb Medico Medico Adverb Noun/Verb Noun/Verb Medico Adjective Noun Adjective Medico Medico Adjective Adjective/Adverb/Noun Medico Adjective/Noun Medico Medico Noun/Verb Medico Medico Adjective/Noun Noun Adjective Noun Medico Adverb Adjective/Noun Medico Medico Noun Medico Medico Noun Adjective/Adverb/Noun Medico Noun Noun Medico Adjective Medico Adjective/Adverb/Noun Noun Noun Noun Medico Adjective/Noun/Verb Adjective/Adverb/Noun Adjective Noun Adjective/Noun/Verb Adjective Noun Medico Adverb Adjective/Noun Medico Adverb Medico Medico Adjective/Noun Noun Noun/Verb Adjective/Adverb/Noun Medico Noun Noun/Verb Adjective/Adverb Adjective/Noun Adjective/Noun Adjective/Noun Noun/Verb Noun/Verb Medico Medico Adjective Noun/Verb Noun Medico Adjective/Noun/Verb Medico Adjective Noun Noun Adjective Medico Medico Noun Adjective/Noun/Verb Noun/Verb Noun Noun/Verb Medico Number Medico Medico Medico Number Medico Noun Medico ExamResult Noun Medico Noun Adjective/Noun/Verb Adjective Noun Medico Number Medico Medico Noun Noun Noun/Verb Medico Number Number Medico Medico Medico Number Number Adjective/Noun Number Noun Medico Medico Medico Medico Adjective Adjective/Adverb/Noun Medico Adjective/Noun Noun/Verb Noun/Verb Noun Medico Medico Noun Medico Adjective/Adverb Adverb Adjective/Noun Medico Noun/Verb Noun Medico Adjective/Noun Medico Medico Adjective/Noun Noun/Verb Medico Noun/Verb Medico Medico Medico Medico Adjective/Noun Noun ExamResult Adjective/Noun Noun Noun Medico Adjective ExamResult Noun Medico Medico Medico Medico Medico Medico Noun/Verb Medico Adjective/Noun/Verb Medico Noun Noun/Verb Medico Adjective/Adverb Medico Number Medico Adjective/Noun Medico Medico Adjective/Noun/Verb Noun Noun Adjective Adverb Medico Noun Medico Medico Adjective/Noun Noun Noun/Verb Medico Adjective/Adverb/Noun Adjective Adjective Medico Adjective Adverb/Noun/Verb Noun Noun Medico Medico Medico Adjective Medico Medico Adjective/Noun Medico Medico Adjective/Adverb Noun Medico Noun Adjective Noun Noun Noun Medico Medico Adjective/Adverb/Noun Noun/Verb Medico Noun/Verb Adjective/Adverb/Noun/Verb Noun Noun Noun Medico Noun Noun Noun/Verb Medico Medico Noun Medico Noun Medico Medico Medico Medico Noun Medico Adjective/Noun Medico ExamResult Adjective/Noun/Verb Adjective/Adverb/Noun Medico Noun/Verb Noun/Verb Number Adjective/Adverb/Verb Adjective/Noun/Verb Noun Adjective Medico Noun Medico Noun Adjective Adjective/Noun Medico Medico Adjective Noun Medico Medico Noun Adjective/Adverb/Noun Medico Adjective Adjective/Adverb/Noun Medico Medico Noun Medico Noun Noun/Verb Medico Noun Adjective Adjective Noun Noun Medico Noun/Verb Medico Noun Medico Medico Medico Adjective/Adverb Adjective Noun Adjective/Adverb/Noun Medico Noun/Verb Adverb Adjective/Adverb/Noun Adjective Adjective Noun Medico Noun Medico Adjective/Noun Adjective Noun Adjective/Adverb/Noun Noun/Verb Noun Medico Noun Medico Adjective/Adverb/Noun/Verb Adjective Noun/Verb Noun Medico Medico Medico Adjective/Adverb/Verb Noun Medico Medico Adjective Adjective/Noun Noun Medico Noun Adjective/Noun Medico Adjective/Adverb/Noun Medico Noun Medico Medico Noun/Verb Medico Medico Adjective Medico Noun Adjective Noun Adjective/Noun/Verb Adjective/Noun/Verb Adjective/Noun Adjective Noun Medico Medico Adjective/Noun Medico Noun Medico Medico Adjective/Noun/Verb Medico Noun Noun Medico Adjective/Adverb/Noun Adjective Noun Medico Adjective/Noun Medico Adjective Medico Number Noun Medico Noun Adjective/Noun/Verb Noun Noun Medico Medico Noun Noun Medico Medico Adverb Adjective/Adverb Noun Medico Medico Noun Medico Medico Medico Medico Noun/Verb Medico Medico Adjective/Noun Noun/Verb Number Adverb Adjective Medico Noun/Verb Medico Medico Medico Medico Adjective Adjective/Adverb Adjective/Noun/Verb Noun Noun Number Number Medico Number Number Medico ExamResult Adjective/Noun Medico ExamResult Adjective/Noun Medico Medico Medico Medico Noun Adverb Adjective/Adverb/Noun Noun Noun Medico Adjective/Noun Adjective/Adverb Noun Noun Medico ExamResult Noun Medico ExamResult Noun Adjective/Adverb/Noun Medico Adjective/Adverb/Noun/Verb Verb Adjective/Adverb/Verb Adjective/Noun Noun Adjective/Adverb Medico Adjective/Noun Medico Adjective/Adverb/Noun/Verb Medico Adjective/Adverb Medico Noun/Verb Noun/Verb Medico Medico Medico Adverb Adjective/Noun Medico Medico Medico Adjective/Noun Medico Adjective/Adverb/Noun/Verb Medico Medico
PMC8627357,PMC8627357_01,Noun Number Noun Adjective/Noun Noun Adjective/Noun/Verb Adjective/Noun Medico Noun Noun Medico Noun Medico Adjective Noun Noun/Verb Adverb Medico Medico Noun Adjective/Adverb/Noun Noun Medico Adjective/Adverb/Noun Adjective/Noun Noun Noun Medico Noun Adjective/Noun Noun Adjective/Noun Medico Noun Noun Medico Adjective/Adverb/Noun Noun Noun Medico Noun Noun Medico Medico Adjective/Adverb/Noun Adjective/Noun Noun Medico Medico Medico Medico Medico Medico Noun/Verb Noun Noun Medico Medico Adjective/Adverb/Noun Medico Medico Noun/Verb Medico Noun Adjective Adjective/Noun/Verb Medico Noun/Verb Medico Noun Noun Adjective Noun Medico Medico Adjective/Noun Adjective/Adverb/Noun Adjective Noun/Verb Medico Adjective Medico Noun Medico Adjective Noun Medico Noun Medico Medico Adjective/Adverb/Noun Adjective/Noun Noun Medico Medico Adjective/Noun/Verb Noun Noun Medico Adjective Medico Noun Number Number Adjective/Noun Medico Noun Noun Noun/Verb Noun/Verb Adjective/Noun Medico Medico Medico Medico Medico Noun Adjective Noun Medico Noun Adjective/Adverb/Noun Medico Noun/Verb Medico Noun/Verb Noun Medico Medico Adjective/Adverb/Noun Adjective/Noun Noun Medico Adjective/Adverb Noun/Verb Noun Medico Adjective Medico Noun Adjective/Noun Noun/Verb Medico Adjective Adjective/Verb Medico Adjective Noun Medico Medico Noun Medico Medico Medico Adverb Adjective/Adverb/Noun Medico Adjective Adjective Noun/Verb Medico Adjective/Noun Noun Medico Number Medico Noun/Verb Medico Medico Adjective/Noun Medico Medico Medico Adjective Adjective/Adverb Noun Noun/Verb Noun Noun Noun Medico Noun/Verb Medico Adjective/Verb Adjective Medico Medico Medico Adjective/Verb Medico Medico Adjective Noun Adjective Medico Medico Medico Medico Medico Adjective Medico Noun/Verb Noun/Verb Number Adjective Noun Medico Medico Medico Noun Medico Medico Adjective/Adverb/Noun Adjective/Noun Noun Adverb Noun Medico Adjective Adjective/Adverb/Noun Medico Adjective/Noun Noun Medico Noun Medico Adjective/Adverb/Noun Adjective Medico Noun Medico Noun Medico Medico Medico Medico Adjective/Adverb/Noun Adjective Medico Adverb/Noun Adjective/Adverb/Noun/Verb Noun/Verb Noun/Verb Number Medico Noun/Verb Medico Noun Medico Medico Medico Medico Adjective Medico Medico Noun Medico Medico Medico Medico Adverb/Noun Adjective Medico Noun Noun Medico Adjective/Adverb/Noun Medico Noun Medico Adjective Medico Adjective/Adverb/Noun Medico Adjective/Noun Noun Medico Adjective/Noun Medico Noun Adjective/Noun Adjective Medico Noun/Verb Noun/Verb Number Medico Adjective Noun Noun/Verb Noun Adjective/Noun Noun Adjective/Adverb/Noun Noun Medico Adjective Noun Noun Adjective/Adverb/Noun Medico Adjective/Noun Noun Medico Noun Adjective/Noun Medico Adjective/Noun/Verb Noun Medico Medico Adjective Noun Noun/Verb Noun Adjective Medico Noun/Verb Noun/Verb Number Medico Medico Noun Adjective Adjective Noun Noun/Verb Medico Noun/Verb Adjective Medico Medico Noun Medico Medico Medico Adjective/Noun Noun Adjective/Noun Medico Noun Medico Medico Adjective/Adverb/Noun Noun Noun/Verb Medico Adjective/Noun Adverb Medico Medico Noun Medico Adjective/Adverb/Noun Adjective Noun Noun Medico Medico Adjective/Noun Noun Medico Medico Adjective Medico Adjective Medico Noun/Verb Noun/Verb Medico Medico Adjective Noun Noun/Verb Noun/Verb Noun/Verb Number Adjective/Adverb Noun Adverb/Noun/Verb Medico Noun Noun Adjective Noun Adjective Noun/Verb Medico Adjective/Noun Noun Noun Noun Medico Adjective Adjective Noun Medico Medico Medico Medico Adjective/Noun Medico Medico Medico Medico Adjective/Noun Noun/Verb Noun Medico Noun Noun/Verb Adjective/Adverb/Noun/Verb Noun Medico Noun Medico Medico Noun/Verb Noun/Verb Medico Adjective/Noun Medico Adverb Adjective Medico Noun Noun Noun
PMC5833205,PMC5833205_01,Noun Adverb Adjective Number Noun Adjective/Noun Noun Medico Medico Noun Medico Adjective/Noun Adjective Noun Medico Medico Medico Adjective/Adverb/Noun Adjective Noun Adjective Medico Noun Number Medico Adjective/Noun Medico Medico Adjective Medico Medico Noun Medico Medico Adverb Adjective/Adverb/Noun Noun/Verb Adverb Medico Adjective/Adverb/Noun Adjective/Noun Adjective/Noun Noun Medico Adjective Noun/Verb Noun Noun Adjective Noun Medico Adjective/Adverb/Noun Medico Noun Medico Medico Adverb Adjective/Adverb Medico Noun Medico Adjective Medico Adjective/Noun Medico Adjective/Adverb/Noun Adjective/Adverb/Verb Medico Number Medico Number Adjective/Adverb/Verb Medico Adjective Adverb Medico Medico Medico Noun Adjective Noun Medico Medico Medico Noun Adverb Medico Adjective/Adverb/Noun Medico Number Medico Medico Noun/Verb Noun/Verb Medico Noun Noun Medico Medico Noun Medico Noun Noun Noun Medico Noun Noun Medico ExamResult Noun Medico Noun Noun Medico Medico Adjective/Noun/Verb Medico Noun Medico Adjective/Noun Medico Medico Medico Adjective/Adverb/Verb Noun Noun Medico Medico Adjective/Adverb/Noun Medico Noun Noun Medico Adjective Medico Noun Medico Noun Noun Medico ExamResult Noun Medico Adjective/Noun/Verb Adjective Noun Medico Number Noun Adjective/Noun/Verb Noun Noun Medico Number Number Noun Adjective/Noun Medico Noun Noun Medico ExamResult Noun Adjective/Noun/Verb Noun Medico ExamResult Noun Medico Adjective Adjective/Noun Number Medico Adjective/Noun/Verb Medico Adverb Adjective/Noun Adverb Medico Adjective Adjective/Noun Noun/Verb Medico Medico Noun ExamResult Noun Medico Medico Noun/Verb Adjective Adjective/Noun Medico Adjective/Noun/Verb Noun/Verb Medico Adjective Noun Medico Adjective/Noun Noun Medico Noun Medico Medico Medico Medico Adverb Adjective/Noun Noun Noun Noun Medico Adjective/Noun Medico Noun/Verb Adjective Noun Adjective Adjective Noun Medico Adjective/Adverb Noun Adjective Noun/Verb Adjective/Adverb/Noun Medico Noun/Verb Medico Medico Adjective/Adverb/Noun Medico Adjective Noun Medico Adjective/Adverb Adjective/Noun Noun Noun Medico Medico Noun Medico Adjective/Noun Noun Adjective Noun Adjective/Adverb/Noun Medico Noun Noun Noun Medico Noun Medico Adjective/Noun Adjective Number Noun ExamResult Noun Medico Adjective Adjective/Noun Noun/Verb Medico Medico Medico Adjective Medico Adjective/Noun Adjective/Noun/Verb Noun Noun Noun Noun/Verb Medico ExamResult Noun Medico Adjective Adjective/Noun/Verb Noun Noun/Verb Noun/Verb Medico Adverb Medico Medico Medico Noun/Verb Medico Noun Medico Adverb Adjective Adjective/Adverb Noun Adjective/Noun Adjective/Noun Adjective Noun Adverb/Noun Noun Noun Medico Noun/Verb Medico Noun Medico Noun Adverb Adjective/Adverb Noun Medico Noun/Verb Noun/Verb Noun Noun Noun Medico Adverb Medico Medico Noun Medico Noun Noun Medico Medico Adjective/Adverb/Noun Adjective Medico Medico Noun Medico Medico Noun Adjective Medico Noun Medico Adverb Number Noun Medico Medico Noun Adjective Adverb Adjective/Adverb Number Medico Medico Adjective/Noun Adjective/Noun/Verb Noun Medico Noun Medico Adjective Medico ExamResult Noun Medico Medico Noun Medico Number Number Noun Adjective/Noun
PMC3917415,PMC3917415_01,Noun Number Noun Adjective/Noun Adjective/Noun Noun Medico Number Noun Noun Medico Noun Medico Adjective Noun Medico Adjective Noun Medico Medico Medico Medico Medico Noun Medico Medico Medico Adjective Adverb/Noun Noun Adjective/Adverb/Noun/Verb Adjective/Noun Medico Noun Adjective/Adverb/Noun Noun Noun/Verb Medico ExamResult Medico Medico Medico ExamResult Noun Adverb Medico Noun Medico Adjective Noun Noun/Verb Medico Medico ExamResult Adjective/Noun Number Medico Medico Medico Noun/Verb Medico Adjective/Noun Adverb/Noun Medico Noun/Verb Noun/Verb Medico Adjective Noun Noun Medico Adjective/Adverb Noun Noun Medico Medico Medico Noun/Verb Medico ExamResult Noun Medico ExamResult Noun Medico Adjective/Noun Adjective/Adverb/Noun/Verb Adjective Medico Adjective/Noun Noun Noun Noun Medico ExamResult Noun Adjective/Noun Noun/Verb Number Medico Noun Noun Adjective Medico Adjective/Adverb/Noun Medico Adjective/Adverb/Noun/Verb Medico Noun/Verb Noun/Verb Medico Medico Medico Medico Medico Noun Medico Medico Adjective Adjective Adjective Noun Medico Adjective Noun Medico Medico Adjective Medico Verb Medico Medico Noun Medico Medico Medico Noun Noun Number Medico Adjective Noun Noun Medico Medico Noun Noun Noun/Verb Adjective/Noun Medico Adverb Adjective Medico Noun Noun Medico Noun Medico Adjective/Noun Adjective Noun/Verb Medico Noun/Verb Medico Medico Medico Medico Noun/Verb Medico Adjective/Noun Adjective/Adverb/Noun Noun Medico Medico Adjective Adjective/Noun Noun Noun Medico Noun/Verb Noun/Verb Medico Medico Medico Noun Noun Noun Medico Noun Noun/Verb Medico Medico Adjective/Adverb/Noun/Verb Medico Medico Noun Adjective/Adverb/Noun Medico Noun Noun Medico Adjective Noun/Verb Medico Medico Noun Noun/Verb Medico Adjective/Noun Medico Medico Adjective Medico Noun Medico Noun Noun Adjective/Adverb/Noun Medico Noun Medico Medico Medico Noun/Verb Medico Noun/Verb Medico Medico Noun Adjective/Adverb Medico Adjective/Noun Noun Medico Noun Medico Medico Noun Medico Adjective Adjective/Adverb Adjective Noun Medico Medico Noun Medico Adverb Adjective Noun/Verb Medico Noun Medico Medico Adjective/Noun/Verb Medico Adjective Medico Noun/Verb Noun/Verb Medico Medico Adjective/Noun/Verb Adjective/Noun Medico Adverb Medico Medico Adjective Medico Medico Adjective/Noun/Verb Medico Medico Medico Medico Noun Medico Adjective Noun Medico Medico Adjective/Adverb Medico Adjective/Noun Noun/Verb Medico Medico Noun Adjective Noun Adverb Medico Adjective Adjective/Noun Noun/Verb Noun Medico Noun Medico Noun Medico Noun/Verb Medico Medico Adverb Adjective Adjective/Adverb/Noun/Verb Adjective/Adverb/Noun Adjective/Adverb/Noun Noun/Verb
PMC7718649,PMC7718649_01,Medico Adjective/Noun Medico Noun Number Noun Adjective/Noun Noun Medico Adjective/Adverb/Noun/Verb Adjective Noun Medico Adjective/Adverb/Verb Noun/Verb Noun Medico Noun Medico Noun ExamResult Noun Noun Adverb Adjective/Adverb/Noun Medico Noun ExamResult Noun Noun Adverb Adjective/Adverb/Noun Medico Medico Number Medico Adjective/Adverb Medico Medico Noun Adjective/Adverb/Noun/Verb Noun/Verb Medico Medico Medico Adjective/Adverb Adjective/Noun Noun/Verb Medico Medico Number Adjective/Adverb/Noun Noun Medico Medico Adjective Medico Medico Medico Noun/Verb Medico Adverb Medico Medico Adjective Noun Adjective Medico Number Medico Adjective/Adverb Noun Number Number Medico Adjective/Noun Medico Noun Noun/Verb Noun/Verb Number Adjective/Noun Medico Medico Noun Adjective Noun Medico Noun/Verb Medico Medico Medico Adjective/Adverb/Noun Noun/Verb Medico Adjective/Noun/Verb Noun Adverb Adverb Medico Noun/Verb Medico Adjective/Adverb Medico Medico Adjective/Adverb Noun Medico Adjective Noun Noun Noun Medico Noun Adjective/Noun Noun/Verb Adjective/Noun Noun Medico Noun Adjective/Adverb Noun Number Medico Medico Medico Noun Medico Medico Adjective/Adverb/Noun Noun/Verb Medico Medico Adjective/Noun Adjective/Noun Medico Medico ExamResult Adverb Adjective/Adverb/Noun Medico ExamResult Adverb Adjective/Adverb/Noun Medico ExamResult Adverb Adjective/Adverb/Noun Medico Medico Medico ExamResult Adjective/Noun Noun Adjective/Adverb/Noun Medico Noun Medico Noun Medico Noun Medico Medico Adjective/Noun Adverb/Noun Medico Adverb Adjective Adjective/Adverb Adjective/Noun Medico Adjective Medico Medico Number Noun Medico Medico Medico Medico Adverb Verb Medico Medico Medico Medico Noun Medico Noun Noun/Verb Medico Adjective Medico Medico Noun/Verb Noun Medico Number Medico Noun Noun Noun Adverb Adjective/Adverb/Noun Noun/Verb Adjective/Noun/Verb Noun Noun Noun/Verb Noun Medico Medico Adjective Medico Medico Medico Adjective/Noun Noun Medico Adjective/Noun Noun/Verb Medico Adjective Noun Medico Adjective Adjective Noun/Verb Noun/Verb Medico Adjective Medico Medico Adjective/Noun Medico Medico Adverb Adjective Adverb Adjective/Noun Noun Medico Adjective/Noun Adverb Medico ExamResult Adverb Adjective/Adverb/Noun Medico Medico Adjective Adjective/Noun Medico Medico Adjective Noun/Verb Medico Noun ExamResult Adverb Adjective/Adverb/Noun Medico Number Noun Medico Noun Number Adjective Noun Medico Noun Noun Adjective Medico Adjective Adjective/Noun Noun Medico Adjective/Adverb/Noun/Verb Noun/Verb Medico Medico Medico Adjective Medico Adjective Medico Adjective/Adverb Noun Adjective/Noun Medico Adjective/Noun Medico Adjective/Adverb Noun Number Medico Adjective/Noun Medico Medico Adjective Adverb Adverb Medico Adjective/Adverb/Noun/Verb Adjective Noun Medico Adjective Medico Noun Adjective Medico Medico Adjective/Noun Medico Medico Adverb Adjective Noun Medico Adjective/Noun/Verb Noun Number Number Adjective/Noun Number Adjective/Noun Medico Noun Number Number Adjective/Noun Number Adjective/Noun Medico Adjective/Noun Noun Noun/Verb Number Number Adjective/Noun Number Adjective/Noun Noun/Verb Number Adjective/Adverb/Noun Medico Adjective/Noun Medico Medico Medico Noun Noun/Verb Medico Medico Adjective/Noun/Verb Adjective/Adverb Noun Noun/Verb Medico Medico Noun Noun Medico Noun Medico Noun Medico Noun Medico Medico Number Adjective/Adverb/Noun Noun Adjective/Adverb Noun Medico Adjective/Noun Medico Medico Adjective Noun Adjective Noun Medico Medico Medico Adjective Medico Medico Adjective/Noun Medico Adjective/Adverb/Noun/Verb Noun Medico Number Number Adjective/Noun Noun/Verb Noun/Verb Medico Number ExamResult Noun/Verb Noun/Verb Medico Number Noun Medico Adjective/Noun Adjective Noun/Verb Medico Number Medico Medico Adjective/Noun Medico Adjective/Noun Noun Noun Adjective/Adverb Noun Noun ExamResult Noun Adjective/Adverb Adjective/Noun Noun Medico Number Medico Medico Medico Noun Medico Medico Medico Adjective/Adverb/Noun Noun/Verb Number Adjective/Noun/Verb Noun/Verb Noun Noun/Verb Medico Noun Noun/Verb Medico Noun Noun/Verb Medico Adjective/Noun Adjective Adjective Medico Medico Adjective/Adverb/Noun Adjective Medico Medico Noun Noun Adjective/Noun Medico Noun Noun/Verb Medico Adjective Adjective/Noun Medico Noun Medico Adjective/Noun/Verb Adverb Noun Noun/Verb Number Medico Noun Medico Number Number Medico Adjective Noun/Verb Noun/Verb Medico Adjective Medico ExamResult Adjective/Noun Medico Medico Noun/Verb Medico Noun Medico Medico Adjective/Noun Medico Adjective/Noun Medico Medico Medico Noun Adjective Medico Medico Number Noun Noun Adjective/Noun Medico Noun Medico Noun Medico Noun ExamResult Noun Noun Adverb Adjective/Adverb/Noun Medico Noun ExamResult Noun Noun Adverb Adjective/Adverb/Noun Medico Adjective/Noun Medico Noun/Verb Medico Noun Medico Noun Medico Medico Number Medico ExamResult Noun Noun Adverb Adjective/Adverb/Noun Medico Adjective Medico Verb Adjective Adjective Noun Medico Adverb Noun Medico ExamResult Noun Noun Adverb Adjective/Adverb/Noun Medico Adjective/Noun Medico Noun/Verb Medico Adjective Medico Adjective/Noun Medico Noun Adjective/Adverb/Noun Medico ExamResult Adverb Noun/Verb Medico Noun Adjective/Adverb/Noun Medico Adjective Medico Noun/Verb Medico Noun/Verb Noun Adjective/Adverb Medico Adjective Noun Medico Noun Medico Medico Medico Medico Adjective/Noun Adjective Adjective Noun Noun Number Number Medico Adjective Noun/Verb Noun/Verb Adjective Medico Noun/Verb Adjective/Noun/Verb Medico Noun/Verb Medico Medico Medico Adjective/Adverb/Noun/Verb Medico Medico Adjective/Adverb/Noun/Verb Noun Noun Number Number Adverb Noun Adjective Medico Medico Adjective/Noun Medico Adjective/Adverb Medico Adjective Noun Medico Noun Adjective/Adverb Noun Medico Medico Medico Medico Adjective/Adverb Medico Medico Medico Adjective Noun/Verb Number Noun Medico Noun Medico Adjective Medico ExamResult Adverb Adjective/Adverb/Noun Adverb/Noun Noun Adjective Adjective/Adverb Noun Number Medico Noun Noun Medico Medico Medico Adjective/Adverb Medico Medico Noun Medico Adjective/Adverb/Noun/Verb Medico Adjective Medico Noun/Verb Number Adjective Medico Adjective/Adverb Adverb/Noun Noun Noun Adjective/Adverb/Noun Noun Adjective/Noun Adjective Noun Medico Noun Noun Noun/Verb Noun Medico Noun Number Medico Noun/Verb Noun Noun Medico Medico Adjective Noun Medico Noun Noun Medico Number Medico Medico Noun Medico Noun Noun Noun Number Medico Medico Noun Medico Noun Noun Noun Medico Noun Noun Noun Medico Adjective/Noun Number Number Medico Adjective Noun Noun Number Number Medico Noun Adjective Noun Adjective/Adverb/Noun Medico Medico Noun/Verb Medico Medico Noun Medico Noun Medico Adjective/Adverb/Noun Adjective Medico ExamResult Adverb Adjective/Adverb/Noun Adverb/Noun Noun Adjective Adjective Medico Medico Adjective Medico Medico Medico Medico Noun Medico Number Adjective/Adverb Noun Number Medico Number Adjective Medico Medico Medico Adjective/Noun/Verb Adjective/Noun Noun Adjective/Adverb Noun Number Medico Adjective/Noun Adjective Noun Noun/Verb Medico Medico ExamResult Noun Noun Adverb Adjective/Adverb/Noun Medico Adjective Medico Verb Noun Adjective/Adverb Noun Number Medico Noun Adjective/Adverb/Noun Medico Medico Medico Adjective/Noun Medico Adjective Noun Noun Noun/Verb Number Medico Adjective Noun Noun/Verb Medico Medico Noun Adjective/Noun Medico Adjective/Adverb/Noun/Verb Noun/Verb Medico Medico Medico Medico Noun Medico Number Medico Medico Adjective/Adverb/Noun Adjective Noun/Verb Medico Adjective/Adverb/Noun/Verb Adjective/Noun/Verb Noun Noun Adjective/Noun Noun Medico Noun Noun Noun Medico Noun Medico Number Medico Number Number Noun Noun Adjective/Noun Noun/Verb Number Noun Noun Medico Number Number Noun Noun Adjective/Noun Noun/Verb Number Noun Noun Adverb Medico Medico Adjective/Noun Medico Medico Medico Medico Noun/Verb Noun Medico Adjective/Adverb/Noun/Verb Medico Adjective/Noun Medico Adjective/Adverb/Noun Number Noun Adjective Medico Adverb Adjective Adjective Noun Medico Adjective Noun Adjective/Adverb/Noun Adjective/Noun Medico Medico Medico Adjective/Noun/Verb Medico Medico Medico Medico Medico Noun Medico Number Medico Adjective/Noun Adjective/Noun Adjective/Noun Medico Adjective/Adverb/Noun Number Noun Medico Medico Adjective Adjective/Adverb Noun/Verb Number Number Medico Medico Medico Adjective/Adverb/Noun Adjective/Adverb/Noun Noun Medico Adjective/Adverb Medico Adjective/Adverb Noun/Verb Adjective Medico Medico Noun/Verb Medico Adjective Adverb Medico Noun Noun Medico Medico Noun Medico Noun Medico Noun Medico Noun Adjective/Adverb Medico Medico Medico Medico Adjective/Noun Medico Adjective Medico Adjective Adjective Noun/Verb Medico Medico Adverb Medico Noun Noun
PMC6134951,PMC6134951_01,Noun Number Noun Adjective/Noun Adjective/Noun Adverb Adjective/Noun Adjective/Noun Medico Noun Noun Medico Noun Medico Medico Adjective Noun Medico Adjective/Noun/Verb Medico Noun/Verb Noun Adjective/Adverb/Noun Adjective/Noun Noun Medico Noun Noun Medico Noun Medico Noun Adjective/Adverb/Noun Adjective/Adverb/Noun Adjective Noun Noun Medico Medico Adjective Noun Medico Adjective Medico Medico Adjective/Noun Adjective Noun Adjective/Adverb/Verb Noun Medico Medico Adjective/Adverb/Noun Noun/Verb Adjective/Adverb/Noun Medico Noun Adverb Noun Adjective/Adverb/Noun Medico Noun Medico Adjective/Adverb/Noun Medico Noun Medico Noun Medico Medico Noun/Verb Medico Number Medico Medico Adjective Adverb Medico Adjective/Noun Medico Medico Medico Medico Medico Medico Adverb Adjective/Noun Medico Medico Medico Medico Medico Noun Medico Noun Noun Medico Adjective/Noun Noun/Verb Medico Medico Noun Medico Adjective Adverb Medico Adjective Adjective Noun Noun Noun Medico Noun Medico Adjective Noun Medico Medico Noun Medico Adverb Adjective Adverb Medico Noun/Verb Noun/Verb Noun Adjective/Noun/Verb Noun Medico Adjective/Noun Noun Medico Noun/Verb Medico Noun Noun Noun Noun/Verb Medico Noun/Verb Noun/Verb Medico Adverb Noun/Verb Medico Adjective/Adverb Adjective/Noun/Verb Medico Adjective/Adverb/Noun Medico Noun/Verb Medico Adjective/Noun/Verb Adjective Noun Noun Noun Adverb Noun/Verb Adjective Medico Medico Noun/Verb Noun/Verb Medico Adjective/Noun Medico Adjective/Adverb Medico ExamResult Adverb Noun Noun Medico Medico Noun Adjective/Noun Noun Medico Medico Adjective/Adverb/Noun Medico Noun Noun/Verb Adverb Number Noun Adjective/Adverb Medico Adjective Noun Adverb Medico Adjective Adjective/Noun Noun Medico Noun Medico Medico Adjective/Noun Noun/Verb Medico Medico Medico Medico Noun/Verb Medico Adjective Noun Medico Noun/Verb Noun Noun/Verb Medico Medico Medico Adjective Medico Medico Noun Adjective/Noun Noun Medico Number Medico Noun Medico Medico Medico Noun Adjective/Adverb/Noun/Verb Noun/Verb Noun Medico Noun/Verb Medico Noun Medico Medico Noun Noun Medico Medico Adjective Medico Noun/Verb Noun Adjective Noun/Verb Adjective/Noun Noun Noun/Verb Medico Medico Medico Adjective/Adverb/Noun Adjective Noun Adjective/Noun Adjective Noun Adjective Noun Medico Verb Noun/Verb Noun Medico Noun Medico Adjective Medico Adjective Noun Medico Medico Adjective/Noun/Verb Medico Adjective Noun Noun Noun Noun Noun Medico Medico Noun Medico Medico Medico Adjective/Adverb Noun Medico Medico Adjective/Noun Medico Medico Adverb Medico Adjective/Noun Noun Medico Medico Noun ExamResult Adjective/Adverb Noun Number Medico Medico Adjective Medico ExamResult Adjective/Adverb Medico Adjective/Adverb Noun Medico Adjective/Adverb/Noun Adjective Noun ExamResult Adjective/Adverb/Noun Medico Medico Adjective/Adverb Number Noun Medico Noun Adjective/Noun/Verb Adverb/Noun/Verb Medico Number Noun Medico Adverb Adjective Adjective/Noun Noun/Verb Medico Noun ExamResult Adverb Adjective/Noun Medico Adjective/Noun Noun Medico Adjective Noun Noun/Verb Adjective/Adverb/Noun Medico Medico Medico Medico Adjective/Noun Adjective Adverb Medico Medico Adjective/Noun Noun Adjective Medico Adjective Adjective/Noun Number Noun Medico Noun Noun Noun Medico Adverb Medico Medico Medico Medico Adjective Adverb Adjective Noun Medico Medico Adjective Noun Noun Adjective/Adverb/Noun Adjective/Adverb/Noun/Verb Medico Medico Noun Medico Medico Adjective/Adverb/Noun Medico Noun/Verb Noun Medico Adjective/Adverb/Noun Medico Medico Medico Medico Medico Medico Number Noun Adjective/Adverb Noun Medico Noun Noun/Verb Medico Medico Medico Adjective/Noun Noun Adjective/Adverb/Noun/Verb Medico Adjective/Noun Medico Noun Adjective/Noun Medico Adjective/Adverb Medico Medico Adverb Adjective Adjective Noun Medico Noun Noun Noun/Verb Medico
PMC6343374,PMC6343374_01,Noun Number Noun Adjective/Noun Adjective/Noun/Verb Adjective/Noun Noun Noun ExamResult Medico Adjective/Noun Adjective/Adverb/Noun Medico Noun Noun Adjective Noun/Verb Number Medico Noun Medico Medico Noun Medico Medico Medico Medico Adjective Adjective Adjective/Noun/Verb Noun Medico Adjective Medico Noun Noun Medico Medico Noun Medico Medico Noun/Verb Adjective/Adverb/Noun Medico Number Adjective Medico Medico Adjective/Adverb/Noun/Verb Adjective Adjective/Noun/Verb Medico Medico Adjective Adjective Noun/Verb Medico Noun Medico Noun Noun/Verb Noun Noun/Verb Number Adjective Noun Medico Medico Adjective/Adverb Noun Number Adjective/Adverb Noun Adjective/Noun Medico Adjective Noun Medico Medico Medico Medico Adjective/Noun Noun/Verb Medico Noun Noun Noun/Verb Noun Medico Number Adjective/Noun Adjective/Adverb/Noun/Verb Medico Medico Medico Adjective/Adverb/Noun/Verb Medico Medico Medico Adjective Medico Noun Noun/Verb Medico Medico Noun/Verb Noun/Verb Medico Adjective/Adverb/Noun Noun Medico Medico Noun Adjective Adjective/Adverb/Noun/Verb Medico Adjective/Adverb/Noun Noun Adverb Medico Medico Medico Adjective/Noun Adjective/Noun/Verb Medico Medico Adjective/Noun Noun Medico Medico Medico Noun Noun Medico Medico Noun Medico Adjective Medico Noun Medico Medico Noun/Verb Medico Adverb Adjective Medico Medico Adjective Noun Medico Medico Adjective Noun Medico Adjective Medico Medico Noun Adjective Adjective/Noun Noun Noun Adverb Medico Medico Adverb Adjective/Adverb/Noun Adjective/Noun Noun Medico Verb Adjective/Noun Adjective Noun Adjective/Noun Medico Adjective Noun Medico Adjective Adverb/Noun Noun Noun Noun Medico Adjective Adverb/Noun/Verb Medico Adjective Medico Adjective Noun Medico Adjective/Adverb/Noun Noun/Verb Noun Noun Medico Noun Noun/Verb Verb Adjective/Adverb/Verb Noun/Verb Medico Adjective/Noun Adjective/Noun Medico Noun/Verb Noun Adverb Medico Adjective Adjective/Adverb/Noun/Verb Noun Noun/Verb Medico ExamResult Noun Medico Adjective/Noun Adjective Noun Noun Noun Medico Adjective Adjective/Noun/Verb Medico Medico Adjective/Adverb/Noun/Verb Noun Noun Number Medico Adjective/Adverb Noun Adverb Medico Medico Adjective/Noun Adjective/Noun Medico Medico Adjective/Adverb/Noun Adjective/Noun Noun Adverb Noun Number Medico Medico Noun Noun Medico Noun Noun Medico Noun Noun/Verb Adjective/Adverb Adjective Noun/Verb Medico Adjective/Noun Noun Adjective Adverb/Noun/Verb Medico Adjective Medico Medico Medico Adjective Adjective Noun Medico Adjective/Noun Medico Adjective Medico Medico Noun Adjective/Adverb Number Noun Noun Noun/Verb Adjective/Adverb Adjective/Noun Verb Adjective/Adverb/Verb Noun Noun Number Medico Medico Noun Medico Adverb Adjective/Adverb/Noun Adjective/Adverb/Noun/Verb Noun Noun Adjective Medico Noun Noun Medico Adjective Noun Noun Medico Adjective Adjective Noun/Verb Medico Medico Noun Medico Noun Adjective/Adverb Adjective Adjective Noun Medico Adjective Noun/Verb Adjective/Adverb Medico Medico Medico Noun Medico Number Number Adjective/Adverb Medico Medico Number Medico Adjective/Adverb Noun Adjective/Adverb/Noun Adjective/Noun Noun/Verb Medico Adjective/Adverb/Noun Noun Medico Number Adjective/Adverb Medico Noun Noun/Verb Medico Medico Noun/Verb Medico Noun/Verb Adjective Medico Medico Noun/Verb Medico Medico Noun Adjective/Adverb Adverb/Noun Adjective Adjective/Noun/Verb Noun/Verb Adjective/Adverb/Noun/Verb Adjective Noun Noun Noun Medico Adverb Medico Noun Noun/Verb Noun Adjective/Adverb/Noun Adjective/Adverb Medico Adjective Adjective/Noun/Verb Medico Adjective/Adverb/Noun/Verb Verb Adjective/Adverb/Noun Adjective/Adverb Medico Medico Verb Adjective/Adverb/Verb Medico Adjective Adjective/Noun/Verb Medico Noun/Verb Adjective/Adverb/Noun Medico Adjective Noun Noun Noun/Verb Medico Number Number Number Medico Number Medico Medico Adjective/Noun/Verb Adjective/Adverb/Noun Adjective/Adverb Medico Medico Medico Noun Adverb Medico Adverb Adjective/Adverb/Verb Noun Adjective Adjective/Noun Adjective/Noun/Verb Noun Medico Medico Adjective/Adverb/Verb Noun/Verb Medico Adjective/Noun/Verb Adjective Adjective/Noun/Verb Noun Medico Adjective Noun Medico Noun Medico Adjective/Adverb/Noun Adjective/Noun Noun Medico Noun/Verb Medico Medico Noun Medico Medico Adjective Adjective Medico Medico Medico Medico Adjective Adjective/Adverb/Noun Medico Adjective/Noun Noun Noun/Verb Medico Noun Adjective/Adverb/Noun Noun Noun Medico Medico Adjective Noun Adjective Adjective/Adverb Medico Noun Medico Adjective Noun/Verb Noun Noun Adverb Medico Adjective/Adverb/Verb Noun Medico Medico Adjective/Noun Noun Medico Verb Adjective/Noun Adjective Noun Medico Medico Adjective/Adverb/Noun/Verb Adverb Medico Adjective/Noun Adjective Adjective Noun Noun Medico Medico Adjective/Adverb Medico Medico Noun Noun/Verb Medico Adjective Noun Noun/Verb Noun Medico Noun Medico Adverb Medico Medico Medico Medico Noun Noun Noun Noun Medico Noun Medico Adjective/Noun Adjective Noun ExamResult Adjective/Noun ExamResult Medico Noun/Verb Noun Adjective/Noun Adjective/Adverb/Noun/Verb Noun Medico Noun Medico Adjective/Adverb/Noun Adjective/Noun Noun/Verb Medico Medico Medico Noun/Verb Medico Noun/Verb Medico Medico Noun Noun Medico Adverb Medico Adjective Medico Noun/Verb Noun/Verb Noun Medico Noun/Verb Noun Medico Medico Adjective Medico Adjective/Adverb Medico Medico Verb Adjective/Adverb/Verb Medico Noun Noun Medico Medico Medico Adjective/Noun Noun Noun Medico Medico Adjective/Noun Adjective Noun Adjective Adverb Number Noun Number Medico Medico Adjective/Adverb/Noun Noun/Verb Medico Adjective/Adverb/Noun Medico Noun/Verb Adjective Medico Medico Medico Adjective Adverb Noun Adjective Noun Medico Adjective Noun Adjective/Adverb/Noun Medico Noun Medico Medico Medico Noun/Verb Medico Noun/Verb Medico Noun/Verb Noun/Verb Adjective Adjective/Noun Noun Adverb Medico Noun Medico Adjective/Adverb/Noun Adjective/Adverb/Noun Medico Medico Adjective/Adverb/Noun Medico Adjective/Adverb/Noun Adjective/Noun Adjective/Noun Medico Adjective/Noun Medico Noun/Verb Noun Adjective Noun Noun/Verb Medico Noun Number Noun Medico Adverb Noun/Verb Adjective/Adverb/Noun Noun Medico Medico Adjective/Adverb/Noun Noun/Verb Medico Adjective Adjective/Adverb Medico Medico Medico Medico Noun Noun Adjective/Adverb/Noun Medico Adjective/Noun Adverb Medico Medico Medico Noun Noun Adjective/Adverb/Noun Medico Noun Medico Medico Medico Noun Adverb Adjective/Adverb Medico Noun Medico Adverb Noun/Verb Medico Medico Noun/Verb Adjective Noun Noun Adjective Adjective Noun Adjective/Adverb/Noun Medico Medico Noun Medico Adjective/Noun Adjective/Noun Noun/Verb Number Noun Adverb Medico Adjective Noun Medico Medico Noun Medico Noun Noun/Verb Adverb Medico Adjective/Noun/Verb Medico Adjective/Noun Medico Medico Medico Adjective Adjective Adjective Noun Adjective Noun Noun Noun/Verb Noun Noun Adverb Medico Noun Adverb Adjective/Adverb/Noun Noun Noun Medico Adjective Noun Noun Adjective Noun Medico Noun/Verb Medico Adjective/Noun Adverb Medico Medico Noun/Verb Medico Adjective/Noun Medico Medico Adjective Adjective/Adverb Medico Noun/Verb Noun Noun Medico Noun/Verb Adverb Medico Noun Noun Noun Noun/Verb Noun Adverb Adjective/Adverb/Noun Noun Adjective/Noun Medico Adjective Noun Noun Adverb Adjective Noun/Verb Noun Noun/Verb Medico Adjective/Adverb/Noun/Verb Adjective/Noun Adjective/Adverb/Noun Noun Adjective/Noun Noun Medico Adjective Noun Noun/Verb Medico Medico Verb Medico Medico Noun/Verb Medico Adjective/Adverb Adjective/Verb Adjective/Noun Noun/Verb Medico Adjective/Adverb/Noun Medico Noun/Verb Medico Adjective/Noun Noun Medico Noun/Verb Adjective/Noun Medico Medico Medico Noun/Verb Medico Medico Medico Medico Medico Medico Adjective Adjective Noun Medico Noun/Verb Adjective Adjective/Adverb/Noun Medico Noun Medico Medico Verb Medico Medico Noun Medico Medico Noun/Verb Adverb Noun/Verb Adjective Medico Adjective/Adverb/Noun Medico Noun/Verb Noun/Verb Adjective Medico Verb Medico Noun Adverb Noun Medico Noun/Verb Medico Noun Adverb/Noun Noun Adjective/Adverb/Noun Medico Medico Noun/Verb
PMC9529523,PMC9529523_01,Noun Number Noun Adjective/Noun Adjective/Noun Adjective/Noun Adjective/Noun Medico Noun Number Noun Noun Medico Adjective/Noun/Verb Adjective Noun Noun Noun Noun/Verb Medico Number Number Medico Medico Medico Medico Noun Noun Adjective/Adverb/Noun Medico Noun Adjective Noun Medico Noun Medico Adjective/Noun Noun Noun Medico Adjective/Noun Noun Adjective/Adverb Medico Medico Adjective Adjective Noun/Verb Noun/Verb Medico Medico Noun Medico Adjective/Noun Medico Medico Adverb Noun Medico Noun Medico Adverb Noun/Verb Noun/Verb Medico Adjective Noun Medico Noun Adjective/Noun Noun Noun Medico Adjective Medico Medico Medico Adjective Medico Noun/Verb Medico Adverb Verb Medico Noun Medico Adjective/Noun Adjective Noun Adjective/Adverb/Noun Noun/Verb Noun Noun Medico Medico Noun Medico Noun Medico Medico Medico Adverb Noun Noun Noun Medico Adjective/Noun Medico Adjective/Noun Medico Noun Noun Adverb Noun Noun/Verb Medico Number Number Adjective/Adverb/Noun Noun Adjective Noun/Verb Adjective/Noun Noun Noun Noun Medico Medico Medico Medico Medico Adjective/Noun Noun Medico Medico ExamResult Noun Adverb Noun/Verb Adjective/Adverb/Verb Medico Adjective/Noun Medico Medico Medico Medico Medico Adjective/Noun/Verb Adjective/Noun Medico Medico Adjective/Noun Noun Noun Adjective/Noun Medico Noun Medico Medico Adjective/Noun/Verb Medico Medico Adjective Medico Medico Medico Number Medico Medico Medico Medico Medico Medico Medico Medico Medico Noun Noun Adjective/Noun Adjective/Noun Number Noun Medico Medico Medico Adjective/Noun/Verb Adjective Medico Medico Adjective/Noun Noun Noun Noun/Verb Noun Medico ExamResult Medico Adjective/Noun Adjective Noun Noun Medico ExamResult Noun Adjective/Adverb Adjective Noun Medico Medico Adjective/Adverb/Noun Noun/Verb Adjective/Noun Noun Adjective Medico Medico Noun Adjective/Noun Medico Adjective/Noun/Verb Noun Medico Medico Adjective Noun Adjective/Noun Medico Adjective Noun Medico Medico Adjective/Noun Medico Medico Adjective/Adverb Noun ExamResult Adjective/Adverb/Noun ExamResult Noun Noun Medico Medico Medico Adjective Medico Noun/Verb Medico Medico Adverb Medico Adjective/Noun Medico Medico Adverb Noun/Verb Medico Noun Medico Medico Medico Adjective/Noun Medico Verb Adjective/Adverb/Verb Noun Medico Noun Medico Noun Adjective/Adverb/Verb Noun Adjective/Adverb Adjective Adjective/Noun Medico Medico Adjective Medico Medico Noun Adjective/Noun Noun Adjective/Adverb Medico Adjective Noun/Verb Noun Medico Number Medico Number Noun Adjective/Noun Noun Medico Adjective Noun Medico Adjective/Noun Noun Medico Noun Medico Adjective/Noun Adverb Medico Noun Noun Medico Medico Adjective/Adverb/Noun Medico Medico Noun Adjective/Noun Noun/Verb Adjective/Adverb/Noun Medico Noun Medico Medico ExamResult Noun Medico Noun Noun Medico ExamResult Noun Adjective Medico Medico Adjective/Adverb/Noun/Verb Medico ExamResult Noun Noun ExamResult Medico Noun Noun Medico Number Number Medico Noun Noun Adjective/Noun/Verb Medico Number Number Noun Noun Adjective/Adverb/Noun Noun Medico Noun/Verb Noun/Verb Noun Adjective/Noun/Verb Medico Adverb Number Noun Noun Medico Medico Noun Noun Medico Noun/Verb Medico Adjective/Noun Medico Adjective/Noun Medico Medico Medico Noun Medico Medico Noun Noun/Verb Medico Medico Medico ExamResult Adjective/Adverb/Noun ExamResult Noun Noun Adjective/Adverb/Noun Medico Adjective/Noun Noun Noun Medico Noun Adjective Adjective Noun/Verb Medico Medico Adjective/Noun Noun Noun Noun Medico Medico Medico Medico Adjective Medico Adjective Medico Adjective Noun Medico Adjective Medico Medico Medico Adjective/Adverb/Verb Noun Medico Adjective Noun/Verb Noun Medico Noun Adjective Adjective Noun Medico Medico Number Adjective Adjective Noun Number Medico Medico Number Medico Medico Medico Medico Number Medico Medico Medico Adjective Noun Medico Noun Noun Medico Medico Adjective Medico Noun/Verb Adjective/Adverb/Noun/Verb Noun Number Medico Medico Medico Adjective/Adverb/Noun Noun Medico Noun Medico Noun/Verb Medico Medico Noun Medico Adverb Noun/Verb Noun/Verb Medico Adjective Noun Noun Medico Medico Adverb/Noun/Verb Medico Adjective/Adverb/Verb Adjective Adverb Noun Medico Adjective/Noun Adjective/Adverb Adjective Noun Noun Adjective/Noun Medico Medico Noun Medico Adjective/Adverb/Noun Medico Noun/Verb Adjective Medico Medico Medico Number Noun Number Medico Number Medico Noun Medico Number Medico Noun Medico Medico Medico Medico Adjective Medico Adjective Noun Medico Noun Medico Verb Medico Adjective Medico Adjective/Noun Medico Medico Medico Number Noun Adjective/Adverb/Verb Medico Medico Adjective/Noun Adjective Noun Medico Adjective Noun Noun Noun Adjective/Noun Noun Noun/Verb Medico Adjective/Adverb/Noun Medico Medico Noun Medico Adjective Medico Noun/Verb Medico Adjective Adjective Noun Noun Noun Medico Adjective/Adverb/Noun Noun/Verb Medico Medico Noun Medico Noun Noun Medico Adjective Adjective/Noun Medico Adjective/Adverb Medico Adjective/Noun Adjective Medico Verb Medico Noun Medico Noun Medico Noun Medico Noun Noun Noun/Verb Medico Medico Medico Noun Medico Adjective/Adverb/Noun Adjective Medico Adverb Adjective Noun Adjective/Adverb Adjective/Adverb/Noun Adjective Noun Medico Medico Medico Adjective/Noun Medico Medico Medico Adjective/Noun Adjective Adjective Adjective/Adverb Number Number Medico Medico Medico Medico Adjective/Adverb/Noun Medico Noun Noun/Verb Medico Noun Noun Noun Noun Medico Adjective/Noun Noun Noun Medico Medico Noun Medico Number Noun Medico Noun Medico Noun Medico Adjective/Noun Adjective/Adverb/Noun Adjective Noun Noun/Verb Medico Medico Number Medico Medico ExamResult Medico Medico Adjective Adjective/Noun Medico Medico Noun Medico Adjective/Noun/Verb Medico Adjective Medico Medico Noun Medico Medico Number Medico Medico Medico ExamResult Noun Adjective/Adverb/Noun/Verb Noun Noun Medico Medico Noun Medico Adjective Adjective/Adverb/Noun Noun/Verb Medico Adjective Noun Medico Adjective Medico Noun Medico Adjective/Adverb/Noun Medico Medico Noun Adverb Adjective Adjective Adjective Medico Medico Noun Medico Medico Adjective Medico Medico Number Noun Medico Number Noun Adjective Medico Noun Adjective Noun Adjective/Adverb Noun Noun Medico Noun Noun Adjective/Noun/Verb Medico Number Noun Noun Noun Medico Noun/Verb Medico Noun Noun Medico Adjective Medico Medico Adjective/Noun Medico Adverb Noun Adjective Adjective/Adverb Medico Medico Adjective/Adverb/Noun/Verb Noun/Verb Noun Medico Noun Adjective/Adverb/Noun Medico Medico
PMC9532611,PMC9532611_01,Adjective/Adverb/Noun Medico Adjective/Adverb/Noun Noun Medico Noun/Verb Adjective/Noun Adjective/Noun Number Medico Noun Number Noun Adjective/Noun Adjective/Noun Noun Adjective/Noun Noun Medico Medico Medico ExamResult Noun Medico Medico Adjective Adverb Noun Number ExamResult Medico Medico Adjective/Noun Adjective/Adverb Noun Adjective Noun Medico Medico Medico Adjective/Adverb/Noun Noun Adjective/Adverb/Noun Medico Noun Medico Noun Medico ExamResult Medico Medico Noun/Verb Medico ExamResult Medico Medico Noun Noun/Verb Number Medico Adjective Noun Medico Adjective/Adverb/Noun Adjective Noun Medico Adjective/Noun Noun Medico Adjective/Noun Noun/Verb Adverb Medico Noun Medico Medico Adjective/Noun Adjective Medico Adjective/Adverb Medico Adjective/Noun Adjective/Noun Noun Adjective/Adverb Medico Medico Medico Noun/Verb Noun/Verb Medico Adjective Medico Adjective/Adverb/Noun Adjective Noun Noun Medico Noun Adjective Noun Medico Noun Medico Adjective Noun Adverb Medico Adjective/Adverb/Noun Noun Number Noun Adjective/Noun Number Medico Adjective/Adverb/Noun Noun Number Adjective/Noun Adjective/Noun Number Medico Medico Noun Medico Medico Noun Adjective/Adverb Noun Noun/Verb Number Noun Medico Noun/Verb Medico Number Noun Medico Medico Medico Medico Noun Noun Medico Adjective/Noun Noun Medico Noun Adjective Noun Adjective/Adverb Medico Adjective/Adverb/Noun Adjective/Noun/Verb Adverb Adjective/Adverb/Noun Adjective Noun Medico Medico Medico Medico Medico
PMC9532611,PMC9532611_02,Adjective/Adverb/Noun Medico Adjective/Adverb/Noun/Verb Adjective/Noun Noun Number Noun Adjective/Noun Noun Adjective/Noun Number Medico Adjective/Noun Noun Medico Medico Adverb Medico Adjective Noun/Verb Noun/Verb Medico Noun Noun/Verb Noun Noun/Verb Medico Noun/Verb Medico Noun Medico ExamResult Number Medico Adjective/Adverb/Noun Medico Adjective/Noun/Verb Medico ExamResult Number Medico Adjective/Adverb/Noun Medico Adjective/Noun/Verb Adverb Medico Adjective/Noun/Verb Noun/Verb Medico Adjective/Noun Number Medico Adverb Number Noun Adjective/Adverb/Noun Adjective/Noun Number Adjective/Noun Number Medico Medico Adjective Medico Medico Noun Medico Medico Noun Noun Adverb Adjective/Adverb/Noun Noun Adverb Adjective Noun Medico Adjective Adjective/Adverb/Noun Medico Adjective Adjective Medico Medico Noun Medico Adjective Noun Medico Medico Medico Noun Noun Medico Adjective/Verb Medico Adjective/Adverb/Noun/Verb Medico Adjective/Adverb/Noun Noun Medico Adjective Medico Noun/Verb Medico Noun/Verb Medico Medico Medico Adjective Medico Adjective/Noun Medico Noun/Verb Noun Adjective Noun Noun Noun Noun Noun Medico Noun Medico Medico Medico Medico Medico Adjective/Noun Medico Noun Medico Medico Noun Medico Medico Adjective Adverb Noun Noun Noun Medico Adjective Adverb Medico Medico Medico Medico Medico Adverb/Noun Medico Adjective Adverb Adjective/Noun Noun Adjective/Noun/Verb Noun Medico Medico Medico Noun Noun Noun Adjective Noun Noun Noun Medico Noun Noun Noun Noun Medico Noun Medico Medico Medico Adjective Adverb Noun Adjective Medico Noun/Verb Noun/Verb Number Medico Medico Noun/Verb Medico Medico Adjective/Noun Noun Medico Medico Adjective Medico Adjective/Noun Noun/Verb Medico Medico Medico Medico Medico Medico Adjective/Adverb/Noun Adjective/Noun Medico Adjective/Adverb/Noun Noun Adjective/Adverb/Noun Noun Number Adjective/Noun Noun/Verb Medico Medico Medico Noun Noun Medico Adjective Adjective/Adverb Noun Medico Medico Adjective/Adverb Noun Medico Medico Medico Medico Medico Medico Medico Medico Medico Adjective Medico Adjective/Adverb/Noun Medico Medico Medico Adjective Medico Medico Noun Medico Medico Medico Medico Medico Adjective Medico Adverb Noun Noun Noun Noun Adjective/Noun Medico Number Noun/Verb Noun Medico Adjective Medico Verb Medico Medico Medico Medico Noun Noun Adjective Medico Medico Noun Noun Noun Medico Medico Medico Medico Medico Medico Adjective Adjective/Noun Noun Adjective/Adverb Medico Medico Medico Medico Noun Medico Medico Medico Medico Medico Medico Medico Medico Medico Medico Medico Medico Medico Medico Medico Medico Medico Medico Medico Medico Medico Medico Medico Medico Medico Medico Medico Medico Medico Medico Medico Medico Medico Medico Medico Medico Medico Medico Adjective/Noun/Verb Medico Medico Medico Medico Medico Medico Noun Noun Noun/Verb Noun Noun Medico Medico Adjective/Noun Noun Noun/Verb Medico Adjective Medico Medico Noun Noun Noun Medico Medico Medico Medico Medico Adjective/Adverb Noun Medico Number Noun Medico Medico Medico Noun Noun Medico Verb Adjective Noun/Verb Medico Medico Number Medico Adjective/Noun/Verb Noun Medico Medico Medico Medico Medico Adjective Noun Noun Noun Medico Noun
PMC5875137,PMC5875137_01,Noun Number Noun Adjective/Noun Noun Medico Medico Adjective Medico Medico Noun Noun/Verb Noun Medico Medico Adverb Noun Medico Noun Noun Noun/Verb Adverb/Noun Medico Noun Adjective Adjective/Noun Adjective Noun Adjective/Noun Noun ExamResult Adjective Medico Adjective Noun Adjective/Adverb Number Medico Medico Medico Adjective/Noun Noun Medico Adjective/Noun Noun Medico ExamResult Medico Noun Noun Medico Noun Medico Medico Adjective/Adverb/Noun Adjective Adjective Noun Medico Medico Adjective Adjective/Noun Adjective/Noun Noun Medico Medico Noun Adjective/Adverb Noun Medico Medico Adjective Noun Adjective/Adverb/Noun Medico Noun Medico Adjective/Adverb/Noun Medico Medico Medico Medico Noun Noun/Verb Noun Adjective/Noun Adjective/Adverb Noun Medico Medico Adjective/Adverb/Noun Medico Adjective Noun/Verb Adjective/Noun Noun Medico Medico Adjective Adjective Noun Medico Noun Adjective Noun Noun/Verb Adjective/Noun Medico Adverb Adjective/Adverb/Noun Medico Adjective/Noun Noun/Verb Noun/Verb Noun/Verb Medico Adjective/Noun Adverb Noun Adjective/Adverb Noun Noun Noun/Verb Medico Medico Noun Medico Medico Noun Medico Noun Medico Medico Adjective/Adverb/Noun Medico Noun Adverb Medico Adjective/Noun/Verb Adjective Medico Noun Medico Medico Medico Noun Medico Adjective/Adverb/Noun Medico Medico Adjective Medico Adjective/Noun Adjective Adjective Adjective Noun Medico Medico Noun Medico Adjective/Noun/Verb Noun Adjective/Noun Noun Medico Number Medico Number
PMC6949661,PMC6949661_01,Noun Number Noun Adjective/Noun Adjective/Noun Medico Medico Medico Medico Noun Medico Medico Adjective/Noun/Verb Noun Adjective/Adverb/Noun Noun Adjective/Adverb Noun Adjective/Noun/Verb Adjective/Adverb Medico Noun/Verb Adjective/Verb Medico Adjective Medico Adjective Noun Medico Adjective/Adverb/Noun Adjective/Noun Medico Medico Medico Adjective/Noun Medico Adjective/Adverb Noun Noun Noun Noun/Verb Noun Medico Noun Medico Medico Noun Adjective Medico Adjective/Adverb Noun Medico Noun/Verb Medico Number Noun Medico Adjective/Noun Noun/Verb Noun/Verb Number Number Medico Medico Adverb Adjective Medico Medico Medico Medico Adjective/Noun Medico Adjective/Adverb/Noun Medico Medico Adjective/Adverb Medico Noun Noun Medico Adjective/Noun Medico Noun Medico Noun/Verb Medico Noun Medico Noun/Verb Medico Adjective/Verb Noun/Verb Noun/Verb Medico Adjective Noun/Verb Medico Adverb Medico Adjective/Noun Noun/Verb Medico Noun Noun Noun/Verb Medico Medico Noun/Verb Medico Adjective Medico Noun Medico Adjective/Adverb/Noun Adjective Noun/Verb Medico Adjective/Adverb Medico Noun Adjective/Adverb Medico Adjective/Noun/Verb Adjective Noun/Verb Medico Adjective/Adverb Adjective Adjective/Adverb/Verb Noun Medico Medico Medico Adjective/Noun Medico Noun Noun Medico Noun Adjective/Adverb/Noun Noun/Verb Medico Noun Adverb Medico Medico Noun/Verb Medico Medico Noun Medico Adjective/Noun Medico Medico Noun Adverb Medico Noun Medico Noun Noun Adjective/Noun Noun Medico Noun Medico Adjective/Noun Noun Adjective/Adverb/Noun Medico Adverb/Noun/Verb Medico Noun/Verb Medico Adjective/Noun Adjective Noun Medico ExamResult Adverb Noun/Verb Noun/Verb Medico Adjective/Noun Medico Noun Medico Adjective/Adverb Adjective Medico Medico Adverb Medico Adjective/Adverb/Noun Noun Medico Adjective Medico Noun Medico Medico Adjective/Noun Adjective Adjective Noun Medico Medico Medico Noun/Verb Noun Medico Medico Noun Noun/Verb Adjective/Adverb/Noun Noun Medico Number Number Medico Number Number Medico Noun Adjective/Adverb/Noun Noun Medico Number Number Noun Medico Adjective Adjective/Adverb Adjective Medico Medico Noun Noun/Verb Medico Medico Medico Number Medico Medico Adjective Adjective/Noun Noun/Verb Medico Medico Medico Noun Adjective/Noun/Verb Medico Medico Medico Medico Medico Adjective/Noun Noun Adjective/Adverb/Verb Medico Medico Adjective/Adverb/Noun Adverb/Noun/Verb Medico Medico Noun Medico Adjective/Adverb/Noun Adjective/Noun Noun Noun Adjective Noun/Verb Noun Medico Adjective/Noun Medico Medico Medico Noun Medico Noun Adjective/Adverb Number Medico Medico Medico Noun Medico Adjective/Adverb Noun Noun/Verb Number Adjective/Noun Medico Medico Adjective/Noun/Verb Medico Adjective/Adverb/Noun Adjective/Adverb/Verb Noun/Verb Adjective/Adverb/Noun Noun Noun Adjective Noun Medico Noun Noun Noun Medico Adjective Adjective/Adverb/Noun Noun Noun/Verb Medico Verb Noun Noun/Verb Medico Noun Medico Medico Noun Noun Medico Noun/Verb Medico Adverb Noun Medico Adverb Verb Adjective Noun/Verb Medico Medico Adjective/Adverb/Noun Noun Adverb Noun Adjective/Noun Noun Medico Noun/Verb Noun Medico Adjective/Noun Medico Adjective Noun Medico Medico Adverb Noun/Verb Adjective/Adverb Noun Adjective/Adverb/Noun Medico Medico Medico Adverb Noun Medico Medico Adjective/Adverb/Noun/Verb Medico Verb Medico Medico Noun Adverb Noun Medico Adjective Medico Adjective/Noun/Verb Medico Noun Adverb Medico Medico Noun/Verb Noun Noun Noun Medico Medico Medico Noun/Verb Medico Medico Medico Medico Adjective/Noun Noun Noun Adjective/Adverb/Noun Noun Medico Medico Adjective/Adverb Medico Medico Adjective/Noun/Verb Medico Medico Noun ExamResult Medico Medico Noun/Verb Noun Medico Medico Medico Adverb/Noun Noun Adjective Noun Medico Adjective Adjective Medico Adverb/Noun Medico Adjective/Adverb/Noun Adjective/Noun Noun Noun Medico Medico Medico Medico Adjective/Adverb/Noun Medico Adjective/Adverb/Verb Adjective/Adverb/Verb Medico ExamResult Adjective/Adverb/Noun Medico Noun Adverb Adjective/Adverb/Noun Noun Medico Adjective Noun/Verb Noun Medico Medico Adjective Medico Noun Medico Medico Adjective/Adverb/Noun/Verb Medico Adjective/Noun Adjective Adjective/Noun/Verb Noun Medico Medico Noun Medico Medico Adverb Verb Adjective/Adverb/Verb Medico Medico Noun Noun Medico Adjective/Adverb/Noun/Verb Medico Adjective/Adverb/Noun Medico Noun Adjective/Adverb Number Noun Medico Noun Medico Adjective/Adverb Medico Noun Medico Noun Adjective/Adverb/Noun Medico Noun Medico Adjective Medico Noun/Verb Medico Noun Medico Medico Noun Adjective/Adverb Noun Medico Medico Adjective/Adverb/Noun Noun Noun Noun Noun Adjective Medico Medico Noun Adverb Medico Medico Medico Medico Adjective/Adverb Medico Medico Medico Adjective Noun/Verb Adjective Noun/Verb Adjective Noun Noun/Verb Medico Adjective Medico Adjective Noun Medico Noun Medico Adjective Medico Medico Noun Medico Adjective/Noun/Verb Medico Noun Medico Noun Medico Number Medico Number
PMC10405809,PMC10405809_01,Noun Number Noun Adjective/Noun Adjective/Noun Medico Medico Adjective/Noun Noun Medico Medico Medico Adjective/Noun ExamResult Noun/Verb Adjective/Adverb/Noun Adjective/Noun Noun Medico Medico Noun Medico Adjective Adjective/Noun Noun/Verb Medico Medico Adjective/Adverb/Noun Number Noun Medico Medico Medico Medico Adjective/Adverb/Noun Medico Adjective/Adverb/Noun/Verb Adjective/Noun Adjective Medico Medico Medico Noun Noun Medico Medico Noun Adjective/Noun Noun Noun Noun Medico Adjective Medico Medico Adjective/Adverb/Noun Medico Medico Noun Medico Medico Adjective/Adverb Adjective Noun Medico Medico Adjective Noun Adjective/Noun Medico Noun Noun Adjective/Adverb Noun Medico Medico Adjective/Noun/Verb Medico Adjective/Adverb/Noun Adjective Medico Medico Adverb Noun/Verb Adjective Noun Noun Noun Noun Medico Medico Noun Adjective Medico Adjective Medico Medico Adjective Noun/Verb Medico Medico Noun Number Number Noun Noun Adjective/Noun/Verb Noun Noun/Verb Number Number Adjective/Noun Number Adjective/Noun Noun Medico Number Adjective/Noun Number Adjective/Noun Medico Noun Noun Number Number Medico Adjective/Noun Adjective/Noun Noun/Verb Medico Medico Medico Medico Adjective/Noun Noun/Verb Medico Noun Noun/Verb Medico Noun ExamResult Adjective/Noun ExamResult Adjective Noun Medico Medico Adjective/Adverb/Noun/Verb Adjective/Noun Noun/Verb Medico Medico Adjective Noun Medico Noun Adjective/Adverb/Noun/Verb Noun/Verb Adjective/Noun Adjective/Adverb/Noun Medico Adjective Noun Medico Adjective/Adverb Noun Noun Number Medico Adverb Adjective Adjective Noun Noun Medico Medico Adjective Noun Medico Medico Noun Adverb Medico Adjective Medico Noun/Verb Adjective/Adverb/Noun/Verb Adjective Noun Medico Medico Adjective Noun/Verb Noun Medico Noun Adverb Noun Medico Noun Noun Noun/Verb Medico Medico Noun/Verb Medico Noun Medico Adjective Medico Adjective Medico Medico Medico Noun Adjective Adjective Noun/Verb Adjective/Noun Adjective/Adverb/Noun Medico Noun/Verb Noun Medico Adjective/Adverb/Noun Adjective Medico Noun Medico Noun Number Medico Medico Medico Noun ExamResult Medico Medico Medico Noun Adjective/Adverb Noun Noun Medico Noun/Verb Noun Adverb Medico Medico Noun Medico Adverb Adjective Noun Number Medico Noun Medico Medico Medico Noun Adjective Adjective/Noun Noun Medico Noun/Verb Adjective/Adverb/Verb Medico ExamResult Noun Number Medico Medico Medico Noun Noun/Verb Medico Adjective/Noun/Verb Medico Noun Medico Adjective Adjective Noun Medico Noun Medico Medico Adjective Noun Adjective/Adverb/Noun Medico Adjective/Noun Noun Adverb Adjective Noun/Verb Noun Medico Noun Adjective Noun Medico Noun Medico Adjective/Adverb/Verb Noun Medico Medico Adjective Noun Noun/Verb Medico Medico Noun Medico Medico Noun Noun/Verb Adjective Adjective Noun Adjective/Adverb/Noun Medico Noun/Verb Medico Adjective/Noun Adjective Noun Adjective/Adverb/Noun Noun Noun/Verb Medico Noun Medico Noun Medico Verb Medico Medico Medico Medico Adverb Medico Noun Noun/Verb Adjective Medico Noun Medico Medico Noun Medico Medico Medico Noun/Verb Medico Medico Noun Adverb Medico Medico Noun/Verb Adverb Noun Adjective/Noun Noun Medico Medico Medico Adjective Noun Medico Adjective Medico Adjective/Noun Medico Adjective/Noun Medico Noun/Verb Noun Noun Medico Number Medico ExamResult Noun Number Medico Medico Noun/Verb Noun Medico Medico Medico Adjective/Adverb Noun/Verb Noun ExamResult Adverb Adjective/Adverb/Noun Adverb Medico Medico Adjective/Adverb Number Medico Medico Medico ExamResult Noun/Verb Medico Noun/Verb Medico Adverb Medico Medico Noun/Verb Noun Medico Number Number Noun Noun Medico Medico Adverb Medico Adjective/Adverb/Noun/Verb Medico Verb Adjective/Adverb/Verb
PMC7519975,PMC7519975_01,Noun Number Noun Adjective/Noun Adjective/Noun Adjective/Noun/Verb Medico Adjective/Noun Adjective/Noun Medico Noun Noun Medico Noun Medico Adjective/Adverb Noun Noun Adjective/Adverb/Noun/Verb Noun Medico Noun Noun Noun/Verb Medico Medico Noun/Verb Noun Medico Medico Medico Noun Medico Noun Adjective/Noun Noun Noun Medico Noun Medico Noun Medico Noun Noun Medico Medico Noun Medico Adjective Medico Medico Adjective/Adverb/Noun Noun Adjective/Adverb/Noun Medico Adjective/Adverb/Noun/Verb Adjective/Noun/Verb Medico Medico Noun Medico Adjective/Noun Adverb Adjective Medico Medico Medico Noun/Verb Medico Medico Noun Medico Medico Noun Noun/Verb Number Noun Noun/Verb Medico Medico Medico Adjective/Noun Noun Medico Medico Medico Noun/Verb Noun/Verb Adverb/Noun Adjective/Adverb/Noun/Verb Adverb/Noun Medico Adjective Medico Medico Adjective/Noun/Verb Noun Medico Medico Adjective Noun Medico Adjective/Adverb/Noun Medico Adjective Noun/Verb Medico Number Medico Number Adjective/Adverb/Noun Medico Medico Adjective/Noun Noun Medico Medico Noun Medico Medico Noun/Verb Medico Noun Adjective Medico Noun/Verb Medico Medico Medico Adjective/Noun Noun Noun Medico Medico Medico Adjective/Noun Adverb Medico Noun Medico Medico Medico Noun/Verb Noun Medico Noun/Verb Adverb Adjective/Noun/Verb Noun Medico Medico Noun Adjective Medico Verb Noun Adjective Noun Medico Medico Adjective/Noun Noun Adjective Medico Medico Medico Medico Adjective/Noun/Verb Adjective Noun/Verb Noun/Verb Medico Adjective Medico Number Medico ExamResult Noun Noun/Verb Medico Adjective Medico Number Medico Number Adjective/Noun Noun Noun Medico Noun Medico Number Number Noun Medico Noun Noun Medico Number Number Adjective/Adverb Noun/Verb Noun/Verb Medico Adjective Noun Noun Medico Adjective/Noun Noun Noun Medico Adjective/Adverb/Noun Adjective/Noun Medico Noun Noun/Verb Medico Noun/Verb Number Medico Adjective Noun Noun Medico Adverb/Noun Medico Adjective/Noun/Verb Noun/Verb Noun Noun/Verb Number Medico Medico Medico Noun/Verb Noun Number Number Medico Noun Noun Number Medico Medico Medico Noun/Verb Noun Noun/Verb Number Number Medico Adjective/Noun Medico Noun Number Number Noun Noun ExamResult Noun Noun Noun ExamResult Noun Noun ExamResult Noun Noun ExamResult Noun Medico ExamResult Noun Noun Noun ExamResult Noun Noun Noun ExamResult Noun Noun Number Number Noun Noun Medico Noun Number Medico Medico Noun Medico Noun Noun Number Medico Medico Noun Medico Adjective/Noun Medico Medico Medico Noun/Verb Noun Adjective/Adverb/Noun Noun/Verb Medico Medico Adjective/Noun/Verb Adjective Noun Adjective/Adverb Medico Noun Adjective Adverb/Noun Noun Adjective Noun Noun Adjective Noun/Verb Adverb Number Noun Adjective/Adverb Medico Noun Medico Adjective Adjective Noun/Verb Noun/Verb Medico Medico Adjective Noun/Verb Medico Number Medico Noun/Verb Adjective/Noun Noun/Verb Adjective Adjective/Adverb Medico Medico Medico Noun Adjective Noun Medico Adjective Noun Medico Noun Adjective/Adverb/Noun Medico Medico Adjective Noun Medico Medico Adjective Noun Noun Adjective Noun Medico Adjective Medico Medico Adjective/Noun Noun Adjective/Adverb Medico Adjective/Noun Noun Adjective Medico Verb Medico Medico Noun Medico Adjective/Noun Medico Adjective/Adverb/Noun/Verb Medico Medico Adjective/Adverb/Noun Medico Adjective/Noun Noun Adjective/Adverb Medico Adjective/Adverb/Verb Noun Medico Medico Noun Noun Medico Medico Adjective/Noun Adverb Medico Adjective Medico Medico Medico Medico Noun Adjective Adjective Medico Noun Medico Medico Medico Adverb/Noun Medico Medico Adjective/Noun Adjective Adjective Noun Noun/Verb Medico Noun Adjective/Adverb/Noun Adjective/Noun Noun Medico Medico Noun Noun Medico Medico Adjective Number Noun Adjective/Verb Noun Medico Adjective/Adverb/Noun Adverb Medico Noun Noun Medico Adjective Medico Adjective/Noun Adverb Medico Noun Adjective Noun Adjective/Adverb/Noun Noun/Verb Medico Noun Adverb/Noun Medico Adjective/Verb Adjective/Noun Adjective Medico Adjective/Noun/Verb Noun Adjective/Noun Adjective Noun Medico Adjective Noun/Verb Medico Medico Adjective Medico Medico Noun/Verb Medico Adjective Noun Medico Adjective/Noun Medico Adverb Noun/Verb Noun Adjective Noun Adverb Medico Adjective Noun/Verb Adjective/Adverb Number Noun Medico Noun Medico Adjective/Noun Medico Adverb Noun/Verb Adjective/Adverb Medico Medico Medico Noun/Verb Medico Adjective Noun Medico Adverb/Noun Medico Adjective/Noun Medico Adjective Adjective/Adverb/Noun Medico Adjective/Adverb Noun Medico Medico Medico Medico Adjective/Noun Noun Medico Adjective Medico Adjective/Noun Medico Adjective Medico Medico Noun Medico Noun Noun/Verb Medico Noun/Verb Medico Medico Adjective/Noun Adjective/Adverb Number Noun Medico Medico Medico Adjective/Noun Adjective/Adverb/Noun Adjective Noun Medico Adjective/Noun Medico Adjective Adverb Medico Adjective Noun/Verb Noun Noun/Verb Medico Adjective/Noun Noun Adjective/Noun/Verb Adjective Noun/Verb Noun/Verb Medico Adjective Medico Noun/Verb ExamResult Medico Adjective/Adverb Noun Medico Medico Noun Noun/Verb Medico ExamResult Noun Noun Medico Adjective Noun Noun Noun Noun/Verb Medico Number Medico Medico Adjective/Noun Medico Medico Noun Noun Noun Medico Number Number Adjective/Adverb Noun/Verb Noun/Verb Medico Noun Noun Medico Number Number Adjective/Noun Noun Medico Adverb Medico Medico Medico Adjective/Noun Medico Medico Medico Adjective/Noun Medico Adjective/Noun/Verb Medico Noun/Verb Medico Adjective Noun Medico Adjective/Adverb/Noun/Verb Noun Adjective/Noun Medico Adjective Noun Medico Adjective Noun Medico Medico Noun/Verb Noun Medico Adjective Medico Medico Adjective/Noun Medico Medico Medico Medico Adjective/Noun Noun/Verb Noun Adverb Medico Adjective/Noun Medico Adjective/Adverb Number Medico Adverb Adjective Noun Number Medico Adjective/Noun Medico Adjective/Adverb/Verb Medico Noun Medico Adverb Adjective Noun Number Medico Adjective/Noun Medico Medico Adjective/Adverb Adjective Noun Number Medico Adjective/Noun Medico Medico Medico Noun Adjective/Noun Noun/Verb Adjective/Adverb Medico ExamResult Adjective/Noun Noun Medico Medico Adjective/Noun Noun Adjective/Noun Noun Medico Adjective/Noun Medico Medico Noun/Verb Noun/Verb Medico Medico Adjective/Adverb Adjective Noun Number
PMC3950436,PMC3950436_01,Noun Number Noun Adjective/Noun Adjective/Noun Adjective/Noun Adjective ExamResult Medico Noun Adjective Medico Noun Medico Adjective Medico Adjective/Noun Noun Adjective/Adverb/Noun Medico Noun Medico Medico Noun Medico Medico Noun Medico Noun Noun Noun Medico Medico Noun Adjective/Noun Noun Medico Adjective/Noun Noun/Verb Adjective/Noun Medico Noun/Verb Noun Noun/Verb Number Medico Adjective/Noun Medico Adjective Noun/Verb Noun Noun Medico Noun Adjective Noun Medico Noun Medico Medico Noun Medico Medico Medico Adjective Noun Medico Adjective/Noun Medico Noun Noun Medico Medico Noun Adjective/Adverb Adjective Noun Medico Adjective/Noun Medico Medico Medico Medico Noun Medico Adjective/Noun Adverb Medico Adjective/Adverb Noun Medico Noun/Verb Noun Adjective Adjective/Noun Noun Adverb/Noun Medico Medico Noun Adjective/Adverb/Noun/Verb Noun Medico Noun/Verb Medico Adjective/Adverb Noun Medico Medico Medico Adverb Adjective Medico Adjective Medico Noun Medico Adjective/Adverb/Noun Noun/Verb Medico Adverb Noun/Verb Noun Medico Verb Medico Noun/Verb Medico Adjective/Noun Medico Adjective Adverb/Noun Adjective/Noun Medico Adjective Verb Medico Verb Adjective/Adverb/Noun Medico Adverb Adjective Noun Noun Adjective/Adverb/Noun Adjective Adjective/Noun Noun Medico Medico Adjective/Noun Medico Adjective Adjective/Adverb/Noun Medico Noun Medico Medico Noun/Verb Medico Medico Noun/Verb Medico Adjective Medico Medico Noun Medico Adverb Medico Adjective/Noun Noun Medico Medico Adjective Medico Noun/Verb Medico Noun/Verb Noun Medico Medico Noun Noun Noun/Verb Medico Adjective Medico Medico Adjective/Noun Medico Noun/Verb Noun Noun Medico Medico Adjective/Adverb/Noun Medico Adjective/Adverb/Noun Noun Noun Number Noun Adverb Noun Noun Medico Medico Adjective/Adverb Adjective/Adverb/Noun/Verb Noun Medico Noun Adverb Adjective Noun/Verb Noun/Verb Medico Number ExamResult Noun Noun/Verb Noun Number Noun Noun Noun Noun Number Medico Adjective Noun/Verb Medico Number Noun Noun Medico Medico Noun Medico Noun Noun/Verb Medico ExamResult ExamResult Noun Adjective Adjective/Adverb/Noun ExamResult Adjective/Noun Adjective/Noun Medico Medico Adjective/Adverb Medico Noun Noun/Verb Medico Medico Medico Adverb Noun Medico ExamResult ExamResult Noun Medico Medico Medico Noun Noun Noun/Verb Adjective/Noun Noun Adjective Adjective/Adverb/Noun ExamResult Adjective/Noun Adjective/Noun Medico ExamResult Noun/Verb Number Medico Noun Noun Medico Noun Noun Medico Adjective Adjective/Adverb/Noun Medico Adjective Noun Noun/Verb Adjective/Adverb Number Medico Medico Adjective Adverb Adjective Noun/Verb Noun Medico Noun/Verb Medico Noun Noun/Verb Noun Adjective/Adverb/Noun Noun Medico Adjective/Noun Medico Medico Adverb Adjective/Verb Medico Noun/Verb Adjective/Noun Medico Adjective Medico Adverb Adjective Noun Medico Adjective Medico Medico Adjective/Noun Medico Noun Noun/Verb Medico Medico Medico Number ExamResult Noun Number Noun Medico Number Noun Medico Medico Noun Number Noun ExamResult Adjective/Noun Noun Medico Medico Adjective/Adverb/Noun Medico Adjective/Adverb/Noun Adjective Noun/Verb Adjective Adverb Noun Medico Noun ExamResult Noun Number Noun Number Number Number Medico Medico Adjective/Adverb/Noun Noun Noun/Verb Adverb Medico Noun Adjective/Adverb Adjective/Noun Medico Medico Medico Adjective/Adverb/Noun/Verb Noun Adverb Medico Adjective/Noun Medico Noun Noun/Verb Adjective/Noun/Verb ExamResult Noun/Verb Medico Adverb Medico Adjective/Adverb/Noun Medico Adjective/Adverb/Noun Adjective Medico Medico Adjective Medico Medico Noun Adjective/Adverb Medico Adjective/Noun Noun Medico Medico Noun Noun/Verb Medico Medico Adverb Noun Medico Adjective/Noun Medico Verb Medico Adjective/Noun Medico Verb Medico Noun/Verb Adjective Medico Noun/Verb Medico Medico Noun Medico Adverb Adjective Medico Medico Adjective/Adverb/Noun Noun/Verb Medico Medico Noun
PMC10434843,PMC10434843_01,Noun Number Noun Adjective/Noun Adjective/Noun Medico Medico Medico Noun Medico Adjective/Adverb/Verb Adjective Noun Medico Adjective/Adverb/Noun/Verb Noun/Verb Noun Medico Adjective/Noun Adjective Noun Adjective Noun Medico Medico Adjective/Adverb/Noun/Verb Noun/Verb Adjective/Adverb/Noun Medico Adjective Medico Noun Medico Adjective/Adverb/Noun Adverb/Noun Noun/Verb Medico Medico Medico Adjective Adjective/Adverb/Noun/Verb Noun/Verb Medico Medico Noun Adjective Noun Adjective/Adverb/Noun Medico Adjective/Adverb/Noun/Verb Adjective/Noun/Verb Medico Adjective/Adverb Adverb/Noun Medico Medico Medico Adjective/Noun Adverb Adjective Medico Medico Medico Medico Adjective/Adverb/Noun Medico Adjective/Adverb/Noun/Verb Noun/Verb Number Noun Adjective/Adverb Medico Medico Adverb Adjective Medico Adverb Medico Medico Adverb Adjective/Adverb/Noun Noun/Verb Medico Medico Adjective/Noun/Verb Medico Noun/Verb Adjective/Adverb/Noun Noun/Verb Adjective Noun Noun Noun Medico Medico Noun/Verb Medico Adjective Noun Medico Adjective/Adverb/Noun Medico Noun Adjective/Noun/Verb Medico Medico Noun Medico Adjective/Noun Noun Medico Medico Medico Medico Adjective/Adverb Noun Medico Adjective Adjective Noun Adjective/Adverb Noun Medico Noun Noun Medico Medico Medico Adjective/Adverb/Noun/Verb Adjective Noun/Verb Adverb Adjective/Adverb/Noun Noun/Verb Adverb Noun Medico Adjective/Noun/Verb Medico Adjective/Noun Noun/Verb Noun Noun Noun Adjective/Adverb/Noun Medico Noun Noun Adjective/Adverb/Noun/Verb Noun Number Number Adjective/Adverb/Noun Adjective/Noun Number Number Noun Noun Noun Number Number Adjective/Noun Number Number Noun Noun Adjective Noun Number Number Adjective/Noun Number Number Adjective/Noun Noun Number Number Adjective/Noun Number Number Noun/Verb Noun Medico Noun Noun Number Number Adjective/Noun Number Number Adjective/Adverb/Noun Noun Medico Medico Noun/Verb Adjective/Noun/Verb Noun Number Number Adjective/Noun Number Number Medico Noun/Verb Noun Noun Noun Number Number Adjective/Noun Number Number Medico Noun Noun Number Number Adjective/Noun Number Number Medico Medico Adjective/Adverb Medico Adjective/Adverb/Noun/Verb Adjective/Noun/Verb Adverb/Noun Medico Noun Noun Adjective/Adverb/Noun Medico Adjective/Noun Noun/Verb Noun Adjective/Adverb Adjective Medico Adjective/Noun Noun Number Number Adverb Adjective/Adverb/Noun Medico Adjective/Adverb/Noun Adjective/Adverb Adjective Medico Adjective/Noun Noun Number Number Medico Adjective/Noun Adverb Medico Noun Adjective Noun Adjective/Adverb/Noun Medico Medico Adjective/Noun Adjective/Adverb/Noun Medico Adjective Noun Medico Medico Adjective/Adverb/Noun Adjective/Noun Medico Adjective/Adverb Adjective Medico Medico Noun Noun Medico Medico Noun/Verb Noun/Verb Medico Noun/Verb Medico Medico Medico Medico Medico Medico Medico Medico Adverb Adjective Medico Medico Adjective Adverb Adjective/Noun/Verb Adjective/Adverb Adjective Medico Medico Adjective Noun Medico Adjective/Adverb Adjective Noun Adjective Adjective Noun/Verb Medico Adjective Adjective Adjective/Noun Medico Noun Medico Noun Adjective/Noun Noun Noun/Verb Medico Adverb Adjective Adjective/Noun/Verb Noun Medico ExamResult Adjective/Noun Medico Noun Noun/Verb Medico Noun Noun Adverb/Noun Medico Adverb Medico Noun Noun Adverb Adjective/Adverb/Noun Medico Noun Noun Noun/Verb Number Noun/Verb Medico Noun Medico Noun Noun/Verb Medico Adjective Medico Medico Medico Noun Noun Medico Number Number Adjective/Adverb/Noun Medico Medico Medico Medico Noun/Verb Adjective Adverb Adjective Medico Noun/Verb Number Noun Adverb Adjective Medico Medico Adjective/Noun Noun Medico Medico Medico Medico Noun Medico Medico Medico Noun/Verb Medico Adjective Adjective/Adverb/Noun Medico Noun/Verb Medico Medico Adjective/Noun Medico Medico Adjective Adverb Adjective Medico Medico Adjective Adjective Noun Medico Adjective Noun/Verb Medico Medico Medico Adjective Medico Medico Medico Medico Medico Medico Medico Adverb Adjective Medico Adverb Medico Adjective Medico Medico Medico Adjective/Adverb/Noun Medico Medico Number Number Medico Adjective/Adverb/Noun Medico Noun Medico Medico Adjective/Noun Number Number Noun/Verb Number Adjective Noun Noun/Verb Noun Medico Noun Noun Medico Adjective/Noun/Verb Noun Noun Noun Medico Medico Noun Adjective/Noun Adjective/Noun Noun/Verb Medico Noun Medico Medico Medico Medico Medico Adjective/Adverb/Noun Medico Noun Medico Adjective Adjective/Adverb Medico Noun/Verb Medico Medico Adjective Adjective/Noun/Verb Noun/Verb Number Noun Noun Adjective/Adverb/Verb Noun Medico Noun Adjective/Noun/Verb Noun/Verb Noun Noun/Verb Noun Medico Noun Noun/Verb Noun Medico Noun Noun Medico Number Noun/Verb Number Adjective/Adverb/Noun Medico Adjective/Adverb/Noun/Verb Adjective Noun/Verb Noun/Verb Noun Noun Medico Adjective/Noun Noun Adjective/Adverb/Noun Medico Adjective/Noun Medico Adjective Noun/Verb Noun Noun/Verb Medico Medico Medico Adjective Noun Medico Adjective Medico Medico Adjective/Adverb/Noun/Verb Adjective/Noun Noun/Verb Medico Adverb Adjective Medico Adjective/Noun Medico Adjective Noun/Verb Adjective/Adverb Adjective Medico Medico Adjective/Noun Medico Medico Adjective Noun/Verb Noun Medico Adjective/Noun Adjective/Adverb/Noun Adjective/Adverb Medico Medico Adjective/Adverb/Noun Medico Noun Adjective Medico Noun Adjective Medico Adjective Medico Medico Noun Medico Noun/Verb Noun Medico Adjective Adjective Medico Adjective/Adverb/Noun Medico Noun Medico Medico Noun/Verb Medico Adjective/Adverb/Noun Adjective Noun Noun Noun/Verb Medico Medico Noun Medico Adverb/Noun Medico Adjective/Noun Adjective Medico Adjective Medico Noun Adjective/Noun Noun/Verb Noun Noun/Verb Number Medico Noun Noun Medico Medico Adjective/Noun/Verb Adjective/Noun Medico Medico Medico Adjective/Adverb/Noun/Verb Adjective/Noun Noun/Verb Medico Adjective Noun Medico Adjective/Noun Medico Medico Medico Adjective/Adverb/Noun/Verb Adjective/Noun Medico Adjective Noun/Verb Adjective/Adverb/Noun Medico Adjective/Noun Noun/Verb Adjective/Noun Medico Medico Adjective/Noun/Verb Noun Noun Adjective Noun Medico Noun Adjective/Noun Medico Noun Noun/Verb Medico Adjective/Adverb/Noun Noun Medico Noun Adjective Noun Noun/Verb Adjective/Adverb/Noun Noun Medico Medico Adjective Noun Medico Medico Adjective/Noun Noun/Verb Noun Medico Adverb/Noun Adjective Adjective/Adverb/Noun/Verb Noun Adjective Noun Adjective/Adverb/Noun Medico Medico Medico Medico Medico Noun/Verb Noun/Verb Medico Medico Noun Medico Medico Noun Noun Noun/Verb Medico Noun Noun Medico Adjective/Noun Noun Adverb/Noun Adjective/Adverb/Noun/Verb Adverb/Noun Noun Medico Noun Medico Noun Noun Noun Medico Noun Adjective/Noun/Verb Noun Medico Medico Adjective/Adverb/Noun Noun Medico Noun Noun Adjective/Adverb/Noun Noun Verb Adjective/Adverb/Verb Noun/Verb Medico Adjective/Noun Medico Medico Medico Adjective Medico Adjective/Adverb Medico Adjective/Adverb/Noun Adjective/Noun/Verb Adverb Noun Medico Adjective/Noun/Verb Medico Adjective/Adverb/Noun Medico Adjective/Adverb/Noun/Verb Noun/Verb Noun Noun Number Number Adjective/Noun Number Number Medico Noun/Verb Noun Noun Number Number Adjective/Noun Number Number Adverb/Noun Adjective/Adverb/Noun/Verb Adverb/Noun Noun/Verb Noun Noun Number Number Adjective/Noun Number Number Medico Medico Noun Medico Medico Adjective Number Medico Adjective/Noun Medico Adjective/Adverb Noun Adjective Noun Adjective Noun Adjective/Adverb/Noun Medico Adjective/Adverb/Noun Medico Adverb/Noun Noun Medico Adverb/Noun Adjective Medico Adjective/Noun/Verb Noun Adverb Adjective/Noun Medico Adjective Noun Noun Medico Medico Noun/Verb Noun Noun Number Number Adjective/Noun Number Number Medico Medico Noun Noun Noun Number Number Adjective/Noun Number Number Medico Noun/Verb Noun Noun Medico Adjective/Noun Number Number Noun/Verb Noun Adverb Adjective Number Noun Verb Adjective/Adverb/Verb Adjective/Noun Number Number Noun/Verb Noun Number Number Noun/Verb Medico Adverb Adjective Noun Adjective Medico Medico Adjective Noun Noun Medico Noun Adverb/Noun Adjective/Adverb/Noun/Verb Adverb/Noun Noun Adjective Noun Noun Adjective/Adverb/Noun Medico Noun Noun/Verb Noun/Verb Number Adverb Noun Adjective/Adverb Adjective/Noun/Verb Noun/Verb Noun Noun/Verb Medico Noun Noun Noun Medico Number Adjective/Adverb Medico Adjective/Noun Noun/Verb Noun Medico Noun/Verb Adjective/Adverb Adjective Medico Adjective/Adverb/Noun Medico Verb Adjective/Adverb/Verb Medico Medico Medico Adjective Adjective/Adverb/Noun Medico Noun Number Number Medico Noun Adjective Noun Noun/Verb Adverb Adverb Adjective Adjective/Adverb/Noun Medico Medico Adverb Adverb Medico Noun Noun Noun Adjective/Adverb/Verb Adjective/Noun Noun Adjective Noun Noun Noun Medico Medico Adjective/Noun Noun Adverb/Noun Adjective/Adverb/Noun/Verb Adverb/Noun Adjective Adjective/Adverb/Noun Adjective/Noun Medico Medico Medico Medico Medico Medico Adverb Noun/Verb Adjective/Adverb Medico Medico Medico Adjective/Adverb/Noun Adjective/Noun/Verb Noun Adjective/Adverb/Noun Medico Adjective Noun Noun Medico Adjective/Noun Adjective Adjective Medico Adjective/Adverb/Noun Medico Noun Noun Medico Medico Adjective/Noun Noun/Verb Adverb Medico Medico Adverb Verb Medico Medico Noun/Verb Medico Medico Noun Noun Noun/Verb Noun/Verb Noun/Verb Noun/Verb Medico Medico Adverb Noun/Verb Adjective/Adverb/Noun Noun/Verb Adjective/Adverb/Noun Noun Medico Medico Adverb Noun/Verb Medico Adjective/Adverb/Noun Adjective Adjective Medico Noun Medico Adjective Noun/Verb Noun Medico Verb Medico Medico Medico Noun Noun Noun Noun Adverb Medico Noun/Verb Verb Medico Medico Adjective Medico Noun Adjective/Adverb Adjective/Adverb Noun Noun Noun Noun Medico Medico Noun Medico Adverb Noun/Verb Noun Medico Adjective/Noun/Verb Noun Adjective/Adverb/Verb Noun Adjective/Adverb/Noun Medico Noun/Verb Adverb Medico Adjective/Adverb/Noun Noun Medico Adjective/Adverb/Noun Adjective/Noun Medico Medico Medico Medico Medico
PMC4630775,PMC4630775_01,Noun Number Noun Number Noun Adjective/Noun Adjective/Noun Medico Adjective/Noun Medico Noun Number Noun Adjective/Noun Medico Noun Adverb Adjective/Noun Noun Medico Adjective Noun/Verb Medico Medico Medico Adjective/Noun Medico Medico Noun Medico Medico Noun/Verb Medico Noun Adjective Noun Medico Medico Noun/Verb Medico Medico Adjective/Adverb/Noun/Verb Adjective Noun/Verb Medico Adjective Noun/Verb Medico Adjective/Noun/Verb Noun Medico Medico Noun/Verb Medico Noun Medico Medico Medico Adjective Noun Noun Medico Medico Adjective Noun Adjective Adjective/Noun/Verb Medico Adjective Noun Noun Medico Noun Medico Medico Medico Medico Medico Adjective Noun Noun Medico Medico Noun Adjective Medico Medico Noun Medico Adjective Noun Noun
PMC2700431,PMC2700431_01,Noun Number Noun Adjective/Noun Adjective/Noun Medico Medico Medico Adjective/Noun Noun/Verb Noun Adjective/Adverb Noun Noun Adjective/Adverb Noun Noun Noun/Verb Noun Medico Medico Adjective Adjective/Noun Medico Noun Medico Noun Noun/Verb Noun/Verb Adjective/Noun Noun Noun Medico Adjective/Noun Adjective/Noun Noun Medico Medico Medico Noun Noun Medico Medico Medico Noun Noun Medico Noun/Verb Number Medico Number Adjective Noun Adjective/Verb Noun Medico Adjective/Noun Noun/Verb Noun Medico Adjective/Noun/Verb Noun Noun/Verb Number Number Number Medico Adjective/Adverb Medico Adjective/Adverb/Noun/Verb Adjective/Noun/Verb Medico Adjective Noun Adjective Noun Medico Medico Noun/Verb Noun Medico Adjective/Noun Noun Medico Adjective Medico Medico Adjective Noun/Verb Medico Medico Medico Adjective/Noun Noun/Verb Medico Adjective Medico Noun Adjective/Adverb/Noun Noun/Verb Medico Noun Medico Medico Medico Medico Adjective/Adverb/Verb Noun Noun/Verb Medico Adjective/Noun Adjective Noun Medico Adjective Adjective/Adverb/Noun Adjective Noun/Verb Medico Adjective/Noun Medico Medico Adjective/Adverb/Noun/Verb Medico Medico Noun Adjective/Adverb Noun Noun Medico Medico Adjective/Adverb Medico Medico Adjective Noun/Verb Medico Adjective/Noun Medico Medico Noun Medico Medico Adverb Medico Noun/Verb Adjective/Noun Medico Medico Medico Medico Medico Adjective/Adverb Noun Number Medico Adjective Noun/Verb Noun/Verb Adjective Adjective Medico Noun/Verb Noun/Verb Medico Medico Noun/Verb Medico Medico Adjective/Noun Medico Medico Noun Medico Adjective Medico Adjective/Noun/Verb Noun/Verb Noun Adjective/Noun/Verb Adjective Adjective/Adverb Medico Adjective/Adverb Medico Noun/Verb Noun Adjective/Noun Medico Adjective Noun Noun Medico Medico Adjective/Adverb/Noun Medico Adjective/Adverb/Noun/Verb Noun/Verb Noun Noun Medico Adjective/Adverb/Noun Medico Noun/Verb Noun/Verb Noun/Verb Number Medico Medico Medico Noun Medico Adjective Medico Noun Medico Medico Medico Noun/Verb Medico Noun/Verb Medico Adjective Medico Medico Adjective/Noun/Verb Medico Noun/Verb Number Medico Noun/Verb Noun/Verb Medico Adjective/Noun Adjective/Adverb Noun/Verb Medico Medico Medico Medico Medico Noun Noun Medico Medico Adverb/Noun Medico Medico Noun Adjective/Verb Adjective/Noun Medico Medico Medico Noun Noun Medico Medico Adjective/Noun Adjective Medico Noun/Verb Medico Medico Noun Adverb Adjective/Adverb Adjective
PMC10106591,PMC10106591_01,Noun Number Noun Adjective/Noun Adjective/Noun Adjective/Noun Medico Medico Medico Noun Noun/Verb Noun Medico Medico Noun Medico Medico Medico Adjective Noun Noun/Verb Medico Noun Noun Medico Adjective/Noun Medico Adjective/Noun Medico Medico Adjective/Adverb/Noun Number Noun Medico Adjective Medico Medico Noun Noun/Verb Medico Medico Number Medico Adverb Medico Adjective Medico Noun Adjective Adjective Medico Noun/Verb Medico Noun Noun Noun Noun/Verb Adjective Adverb Noun Adjective/Adverb/Noun Medico Noun Medico Noun Medico Noun Medico Noun Noun Medico Medico Medico Medico Noun Adjective/Noun Noun Medico Medico Adjective Adverb Medico Medico Medico Adjective Medico Medico Adverb Adjective/Adverb/Noun Adjective/Verb Medico Adjective/Noun Noun Adjective Noun Medico Number Noun Medico Noun Medico Medico Medico ExamResult Noun Medico Adverb Adjective Adjective Noun Noun Medico Medico Adjective/Adverb/Noun Noun Medico Medico Adjective/Noun Adjective/Adverb Adjective Medico Adjective Noun Medico Noun Medico Medico Noun Medico Adjective/Adverb Adverb Adjective/Noun Medico Noun/Verb Noun/Verb Number ExamResult ExamResult Noun Number Number Medico Noun Noun/Verb Noun Number Noun Noun Adjective Noun/Verb Number Noun Medico Noun Noun Adjective/Noun/Verb Noun Number Noun/Verb Noun/Verb Adjective Medico Adjective Noun Medico Adjective/Noun Noun Medico Medico Noun/Verb Medico Adjective/Adverb/Noun/Verb Medico Medico Noun Medico Noun Medico Adjective/Adverb Medico Medico Medico Noun Medico Noun/Verb Noun Adverb/Noun Medico Adjective/Adverb/Noun Adjective Adjective Noun/Verb Noun Noun Medico Noun Noun Medico Noun Noun/Verb Medico Adjective/Noun Noun Noun Medico Adjective/Adverb/Noun Adjective Medico Noun Medico Noun/Verb Medico Noun Adjective Adjective/Adverb/Noun Medico Noun Medico Noun Adverb Adjective Adjective Noun Medico Adjective/Adverb/Noun Adjective Adjective/Noun Noun/Verb Adjective Adjective Noun Medico Adverb Adjective Adjective/Adverb/Noun Adjective Noun Noun/Verb Medico Number Adjective/Noun Noun/Verb Number Number Medico Medico Adjective/Noun Noun Noun Medico Medico Adjective/Noun Medico Adjective/Noun Medico Number Number Noun Noun Adjective/Noun Noun/Verb Number Number Number Noun Noun Noun Noun Noun Medico Medico Number Number Noun Noun Adjective/Noun Noun/Verb Number Number Number Noun Noun Medico Noun Medico Number Number Noun Noun Adjective/Noun Noun/Verb Number Number Number Noun Noun Medico Medico Adjective/Noun Adjective/Noun Noun Medico Medico Noun/Verb Medico Noun Noun Noun/Verb Medico Noun ExamResult Medico ExamResult Medico Adjective Medico Adjective/Noun Noun Medico Medico Medico Adverb Medico Medico Adverb Medico Adjective/Noun Medico Medico Noun Medico Medico Adjective/Noun Medico Adjective/Adverb/Noun Medico Medico Medico Adjective Noun/Verb Noun Medico Medico Noun Medico Medico Adjective/Noun Noun Adjective/Adverb Noun Medico Noun Noun/Verb Medico Medico Noun Noun Medico Medico Noun/Verb Noun Adjective/Adverb/Noun Noun/Verb Adjective/Noun Medico Adjective/Verb Noun Noun Medico Noun Noun Number Noun Noun Adjective Adverb Noun Medico Noun Number ExamResult Medico Medico Noun Adjective Medico Medico Medico Medico Medico Adjective/Noun Noun Noun Noun/Verb Noun Adjective/Adverb/Verb Adjective/Noun Medico Noun Noun/Verb Medico Adjective Medico Medico Adjective/Noun Medico Adjective/Noun Medico Adjective/Adverb/Noun Noun Medico Noun Medico Medico Medico Adverb Adjective Medico Noun Adjective/Noun Noun Medico Medico ExamResult Medico Noun Medico Medico Adverb Medico Adjective/Noun/Verb Noun Medico Noun Noun/Verb Medico Adjective/Verb Noun Noun Medico Adjective Adjective/Adverb/Noun/Verb Medico Noun Noun Noun Noun Number Noun Noun Noun/Verb Medico Medico Adjective/Noun Medico Adjective/Adverb ExamResult Medico Noun Noun Adverb Noun ExamResult Noun Medico Noun Medico Adjective Medico Medico Adjective/Adverb/Noun/Verb Noun Adjective/Adverb Noun Adjective Noun Adverb Medico Noun Medico Medico Adjective/Noun Adjective/Adverb/Noun Adjective/Noun Noun/Verb Number Number Noun Noun Medico Adjective/Noun Medico Adjective/Noun/Verb Noun/Verb Medico Medico Adjective/Adverb/Noun Adjective/Noun Adjective Noun Noun Number Noun Noun Medico Adjective/Adverb/Noun Adjective/Noun Noun/Verb Medico Number Noun Noun Medico Adjective/Noun Medico Medico Noun Noun/Verb Medico Medico Number Noun Noun Medico Adjective/Noun/Verb Medico Medico Adjective/Adverb/Noun/Verb Adjective/Noun Noun Medico Medico Adjective Noun Noun Adjective Medico Medico Medico Adjective/Noun Noun Noun/Verb Medico Noun Medico Medico Adjective/Noun/Verb Noun/Verb Noun Noun/Verb Medico Adjective/Noun Noun/Verb Adjective Noun/Verb Medico Noun Medico Adjective/Noun Noun/Verb Noun Noun/Verb Noun Noun Noun/Verb Adjective/Noun Medico Medico Medico Noun Medico Adjective/Adverb Adverb Adjective/Noun Medico Adjective Adjective/Adverb Medico Adjective/Noun Noun Medico Noun Medico Noun Noun Noun Noun Medico Medico Medico Adjective Adjective Medico Number Number Noun Noun Medico Noun Medico Adjective/Noun Noun/Verb Number Medico Adjective/Noun Medico Adjective/Adverb/Noun Adjective Noun Adjective Noun/Verb Medico ExamResult Adverb Medico Noun Noun Medico Noun Noun ExamResult Medico Noun Medico Noun Noun Noun Noun ExamResult Medico Noun Medico Adjective Adjective/Adverb/Noun Adjective/Noun Medico Medico Adjective Adjective Noun Medico Adjective/Noun Adjective/Adverb/Noun Adverb/Noun Medico Noun Noun/Verb Noun Noun Medico Noun Medico Adjective/Noun Medico Medico Adjective/Adverb/Verb Adjective/Adverb Noun Noun Noun Medico Noun Medico Noun Noun/Verb Noun Adjective Adjective Medico Noun Medico Adjective/Adverb/Noun/Verb Verb Adjective/Adverb/Verb Noun Medico Medico Medico Noun Adjective/Adverb/Noun/Verb Medico Medico Adjective/Adverb/Noun Number Medico Medico Medico Adjective/Adverb/Noun Adjective/Adverb/Noun Adjective Noun/Verb Medico Noun Medico Medico Noun/Verb Noun/Verb Medico Medico Adjective/Adverb/Noun Noun/Verb Number
PMC4073451,PMC4073451_01,Adjective/Adverb/Noun Noun Medico Number Noun Number Noun Adjective/Noun Noun Medico Medico Medico Noun Medico Noun Medico Adjective/Noun Noun Medico Verb Noun Medico Adjective Noun Medico Noun/Verb Medico Noun Medico Adjective/Adverb/Noun/Verb Noun Medico Medico Adjective Adverb Adjective/Adverb/Noun Adjective Noun Noun/Verb Medico Medico Medico Noun/Verb Medico Adjective/Noun/Verb Noun Adjective/Adverb/Noun Noun Medico Adjective/Adverb/Noun/Verb Noun Medico Medico Medico Noun Medico Adjective/Adverb/Noun Medico Adjective/Adverb/Noun Adjective/Noun Noun Adjective/Adverb/Noun Noun Medico Noun Noun Medico Adjective Medico Number Adjective Noun Noun Medico Medico Medico Verb Medico Noun Medico Noun Medico Medico Medico Medico Medico Adjective Noun Medico Adjective Medico Adjective/Noun Adjective Noun Medico Medico Medico Adjective Noun/Verb Medico Medico Adjective/Noun/Verb Medico Noun Medico Medico Adjective/Adverb Adjective/Noun Noun Adjective/Noun Noun Adjective Noun Noun Medico Adjective/Adverb/Noun Medico Medico Adjective Noun Medico Medico Noun Medico Noun Medico Medico Noun Adjective/Adverb/Noun Noun Medico Number Number Medico Adjective/Adverb Noun Medico Medico Medico Noun Medico Medico Adjective/Adverb Noun Medico Noun/Verb Adjective/Adverb Adjective/Noun/Verb Noun Medico Adjective/Noun Medico Adjective/Noun Medico Verb Adjective/Adverb/Verb Adjective Adjective/Adverb/Noun Noun Medico Number Medico Medico Noun Adjective/Noun Adjective Noun Medico Adjective Adjective/Noun Noun Adjective/Adverb/Noun Adjective Noun Medico Adjective Medico Adjective/Adverb/Noun Adjective/Noun Noun Medico Medico Medico Medico Noun Noun/Verb Medico Noun Medico Adjective Adjective/Adverb Adjective Noun Noun/Verb Medico Noun Noun Noun/Verb Medico Adjective Medico Noun Medico Noun Medico Noun Medico Medico Medico Noun Medico Adjective Adjective/Noun/Verb Medico Adjective/Noun/Verb Noun/Verb Adverb Adjective/Noun Adjective/Noun/Verb Medico Medico Adjective/Adverb/Noun Adjective/Noun Noun Medico Adjective/Adverb/Noun/Verb Noun/Verb Medico Noun Medico Medico Adjective Medico Adjective Adjective Noun/Verb Noun/Verb Medico Adjective/Adverb/Noun Noun Noun Medico Noun Noun/Verb Medico Medico Medico Medico Noun Adjective/Noun Noun Medico Medico Adjective Noun/Verb Medico Adverb Medico Noun/Verb Medico Medico Adjective/Noun Noun/Verb Medico Noun Adjective Medico Adjective/Noun/Verb Noun/Verb Medico Adjective Medico Medico Noun Adjective/Noun Noun Noun/Verb Number
PMC6083636,PMC6083636_01,Medico Noun/Verb Medico Medico Adjective/Adverb Adjective/Noun Noun Medico Adjective Noun/Verb Noun Medico Medico Medico Medico Medico Medico Noun Medico Noun Adjective Adjective Noun/Verb Medico Medico Medico Medico Medico Adjective/Noun Medico Noun Adjective Adjective/Noun Adjective/Noun Adjective/Noun Number Noun Adverb/Noun Medico Adjective/Adverb/Noun Noun Medico Noun Noun Noun Adjective Noun/Verb Medico Adjective/Adverb/Noun Medico Noun Medico Adverb/Noun Medico Adjective/Adverb/Noun Adjective Noun Adverb/Noun Medico Adjective/Adverb/Noun Noun/Verb Number Adjective/Noun Adjective Noun Medico Adverb Verb Adjective Medico Medico Adjective Noun Adjective/Noun Noun Medico Adjective Medico Noun Medico Adjective/Adverb/Noun Adjective Noun Noun/Verb Number Adjective/Adverb/Noun Medico Adjective/Noun Noun Medico Noun Medico ExamResult Noun Adjective/Adverb/Noun Medico Adjective/Adverb/Noun/Verb Noun/Verb Noun Medico Noun Number Number Adjective/Noun Number Medico Adjective/Adverb/Noun Medico Adjective/Adverb/Noun Noun/Verb Noun Noun Number Number Adjective/Noun Number
PMC6083636,PMC6083636_02,Noun/Verb Noun Noun Medico Medico Adjective/Noun Noun/Verb Medico Adjective Adverb Medico Noun Noun Medico Noun Adjective/Verb Medico Adjective/Noun Noun Medico Medico Adjective/Adverb/Noun Noun/Verb Number Adjective/Noun Noun Medico Adjective Adverb/Noun Noun/Verb Medico Medico Noun Medico Noun Noun Number Adjective Medico Noun Medico Medico Medico Noun/Verb Noun Medico Adjective Noun Medico Medico Adjective/Noun Noun Adverb/Noun Medico Adjective/Adverb/Noun Adjective/Noun Noun Medico Medico Adjective Adjective/Noun Medico Adverb Medico Medico Adjective Adjective Medico Medico Noun Noun Medico Medico Medico Medico Adverb/Noun Noun Adjective Noun/Verb Noun Medico Adjective/Noun Noun Medico Noun/Verb Adverb/Noun Medico Noun Noun Medico Noun Medico Medico Medico Medico Medico Medico Medico Noun Adjective/Noun Noun/Verb Adjective/Adverb/Noun Noun Medico Adjective/Noun Medico Adjective/Noun Noun Medico Adjective Noun Adjective/Adverb/Verb Medico Noun Medico Medico Adjective/Noun Noun Medico Adjective/Noun Medico Noun Adverb Medico Noun Medico Medico Medico Noun Noun/Verb Medico Noun Adjective Noun/Verb Noun/Verb Number Adjective/Adverb/Noun Medico Adjective/Noun Noun/Verb Medico Adjective/Noun Noun Medico Medico Noun/Verb Medico Number Adjective/Noun Medico Number Adjective/Noun Medico Medico Adjective/Adverb/Noun/Verb Medico Adjective/Adverb/Noun Noun/Verb Adverb Medico Noun Medico Medico Noun/Verb Medico Number Adjective/Noun Adjective/Adverb/Noun Medico Adjective/Adverb/Noun/Verb Noun/Verb Medico Number Adjective/Noun Adjective/Adverb/Noun Medico Adjective/Adverb/Noun Medico Noun/Verb Medico Adjective/Noun Noun Medico Medico Noun Adjective/Adverb/Noun Adjective/Adverb Adjective Noun Medico Medico Medico Medico Noun/Verb Adjective Medico Medico Medico Medico Noun/Verb Noun Medico Medico Noun Medico Medico Medico Medico Medico Medico Adjective Noun Adjective/Adverb/Noun Medico Noun/Verb Medico ExamResult Adjective/Adverb/Noun Adjective Noun Noun Medico Adjective Medico Noun Medico Medico Medico Noun Noun Noun Medico Adjective/Adverb/Noun Noun/Verb Number Medico Adjective/Noun Noun Medico Noun/Verb Number Adjective/Noun/Verb Noun/Verb Noun/Verb Noun Adjective/Adverb Adjective Medico Noun/Verb Adjective/Adverb/Noun Medico Adjective/Adverb/Noun Noun/Verb Adverb/Noun Adjective/Adverb/Noun/Verb Adverb/Noun Adjective Medico Noun Medico Noun Medico Medico Adjective Noun Adjective/Adverb Adjective/Noun Noun Medico Medico Noun/Verb Medico Medico Medico Verb Medico Noun Medico Medico Noun/Verb Noun Adjective/Noun/Verb Noun/Verb Medico Medico Noun/Verb Medico Noun Adverb Adjective Noun Medico Medico Noun/Verb Noun/Verb Adjective Adjective Medico Adjective/Adverb/Noun Medico Medico Medico Noun Noun Adjective/Noun Adjective/Noun Noun Medico Adjective/Adverb Medico Adjective/Noun Noun/Verb Medico Medico Medico Noun/Verb Adverb Noun/Verb Noun/Verb Medico Noun Medico Noun/Verb Number
PMC6083636,PMC6083636_03,Adjective/Adverb/Noun/Verb Adjective Adjective Noun Medico Number Number Medico Adjective/Adverb/Noun Medico Noun Medico Number Number Medico Adjective/Adverb/Noun Medico Noun Adjective/Noun/Verb Noun Medico Medico Medico Medico Medico Medico Medico Medico Medico Medico Medico Number Noun/Verb Medico Medico Adjective/Noun Adjective Adverb Number Adjective/Adverb/Noun/Verb Medico Number Medico Medico Medico Medico Noun Medico Number Adjective/Adverb/Noun/Verb Medico Number Medico Medico Noun Medico Medico Medico Number Noun/Verb Medico Noun Adjective/Noun/Verb Noun Noun/Verb Medico Number Medico Medico Noun Medico Number Medico Medico Noun Adjective/Noun Adverb/Noun Adverb Adjective/Noun Adjective/Noun/Verb Noun Medico Adjective Noun Medico Medico Noun Noun Noun Adjective Adjective/Adverb/Noun Adjective/Adverb Medico Number Medico Medico Noun Noun/Verb Noun/Verb Noun Adjective/Adverb/Verb Medico Noun Adjective Noun Medico Medico Medico Adjective/Adverb/Noun Noun/Verb Number Adjective/Noun Noun Medico Adjective/Noun/Verb Adjective/Adverb Noun Adjective/Noun Medico Medico Noun/Verb Adjective/Adverb Medico Noun/Verb Noun/Verb Adjective Medico Noun Adjective/Adverb/Noun Noun/Verb Medico Noun Medico Adverb Adjective/Noun/Verb Adjective/Adverb/Noun Adjective/Noun Noun/Verb Medico Noun/Verb Medico Medico Adjective/Noun Medico Medico Noun Medico Noun Medico Adjective
PMC9969157,PMC9969157_01,Medico Noun/Verb Noun Medico Adjective/Noun Noun Number Number Number Medico Adjective Noun/Verb Medico Noun Number Noun Adjective/Noun Noun Number Noun Number Noun/Verb Medico Adjective/Noun/Verb Medico Verb Medico Noun/Verb Noun Noun Adjective/Noun Medico Noun Medico Adjective Adverb Noun Adjective Adjective Noun Medico Adjective Noun Medico Noun Noun Noun Adjective Medico Noun Noun Medico Medico Medico Adjective/Noun Medico Medico Adverb Adjective/Noun Noun/Verb Noun Noun Adjective/Adverb/Noun Noun Adjective/Adverb/Noun Medico Noun/Verb Medico Adjective Adjective Noun Medico Medico Noun Adverb Medico Noun Adjective Noun Medico Adjective Medico Medico Noun Noun/Verb Noun/Verb Noun Medico Noun Medico Noun Medico Number Medico Number Noun Number Medico Number Noun Adverb Medico Noun/Verb Noun/Verb Medico ExamResult Noun ExamResult Medico Noun/Verb Noun ExamResult Medico Medico Adjective/Adverb Adjective/Verb Medico Adjective Noun/Verb Medico Adjective/Noun Medico Medico Medico Medico Adjective/Noun/Verb Adjective/Noun Noun Noun Medico Noun/Verb Noun Noun Adjective/Noun Adjective Noun/Verb Medico Adjective Medico Number Noun Medico Noun ExamResult Noun Noun Medico Medico Noun Adjective/Noun Noun Medico Noun Adjective Adjective/Adverb Medico Adjective Noun Noun Medico Medico Adjective Medico Noun Adverb Medico Adjective/Adverb/Noun Medico Medico Medico Adjective Adverb Medico Medico Adjective/Noun Medico Medico Medico Medico Adjective/Noun/Verb Adjective/Noun Noun Medico Adjective Noun Medico Adjective/Adverb/Verb Noun Medico Noun Adjective/Adverb Noun Noun Medico Noun/Verb Medico Adjective Medico Medico Adjective/Noun Noun Medico Medico Noun Medico Medico Noun Medico Medico Medico Adjective/Noun Noun Adjective Adjective/Adverb Adjective Medico Noun Noun Adjective/Adverb/Noun Noun Medico Adjective Medico Adjective Medico Noun/Verb Number Noun Adverb Adjective/Adverb Noun Medico Noun Adjective/Adverb/Noun Adjective/Noun/Verb Medico Medico Medico Adjective/Noun/Verb Noun Medico Adjective Noun Medico Noun Adjective/Noun Noun/Verb Medico Medico Noun Number Noun Medico Noun Medico Medico Medico Noun Number Noun Medico Noun Noun Noun Noun/Verb Medico ExamResult Noun Noun Medico Adjective ExamResult Noun Adjective Number Number Noun Adverb/Noun Medico Medico Adjective Adverb Noun Adjective/Noun Medico ExamResult Noun Noun Noun Medico Adjective/Noun Medico ExamResult Noun Noun Medico Adjective/Noun Noun/Verb Medico Medico Noun/Verb Medico Medico Adjective Noun/Verb Medico Medico Medico Noun Adjective/Noun Adjective Medico Medico Medico Noun Adjective Medico Medico Medico Adjective/Noun Noun Medico Medico Noun/Verb Adjective/Noun Adjective Medico Medico Noun/Verb Number Medico Medico Medico Adjective Medico Number Medico Medico Adjective/Adverb Noun Medico Noun Number Adjective/Adverb Noun Number Medico Noun Medico Adjective/Noun Medico Medico Noun/Verb Adjective/Adverb Noun Medico Medico Medico Medico Adjective/Noun Adjective/Adverb/Noun Medico Adverb Noun Adjective Adjective/Noun Noun Adjective Noun Medico Adjective Adjective/Adverb Noun Number Medico Noun Noun Medico Adjective/Noun Noun Medico Noun Medico Adjective/Adverb/Noun Noun Noun Adjective/Noun Adjective/Noun Noun/Verb Noun/Verb Number Adjective Medico Medico Medico Noun Medico Adverb Medico Medico Noun Adjective Noun/Verb Noun/Verb Medico Noun Medico Medico Adverb Medico Noun Noun/Verb Noun Medico Medico Noun Medico Number Noun Medico Noun Noun Medico Number Noun Noun Medico Adjective Adjective/Adverb Adjective/Noun/Verb Adjective Noun Noun Medico ExamResult Noun Noun Medico Noun Noun Noun/Verb ExamResult Noun Noun Medico ExamResult Noun Noun Number Medico Noun/Verb Adjective/Noun Noun Noun Medico Adjective Noun Medico Medico Noun Noun Medico Adjective Medico Adjective/Adverb/Noun/Verb Adjective/Noun/Verb Adjective Medico Noun Adjective/Noun Noun/Verb Medico Medico Noun/Verb Adverb Medico Medico Medico Adjective Noun/Verb Medico Medico Medico Adjective/Noun Noun Medico Noun/Verb Number Noun Adjective Adverb Medico Medico Adjective Adjective/Adverb/Noun/Verb Adjective/Adverb Noun Number Medico Noun
PMC4828947,PMC4828947_01,Noun Number Noun Adjective/Noun Noun/Verb Medico Medico Adjective Noun/Verb Adjective Medico Medico Medico Noun/Verb Medico Adjective/Noun Adjective/Adverb Noun Noun Noun Noun Noun Medico Adjective/Noun/Verb Medico Noun/Verb Adjective/Noun Adjective/Noun Medico Medico Medico Medico Adjective/Adverb/Noun Adjective/Noun Noun Medico Medico Medico Medico Noun Adjective Medico Noun/Verb Noun Medico Medico Adjective/Adverb/Noun Medico Adverb Noun Medico Noun Medico Medico Adjective/Adverb/Noun/Verb Noun/Verb Noun Medico Noun Medico Noun Adjective/Adverb Medico Noun Medico Medico Medico Noun Adjective Medico Adverb Adverb/Noun Medico Noun/Verb Medico Medico Medico Adjective/Adverb/Noun Noun/Verb Medico Noun Medico Adjective Noun Noun Medico Noun Medico Adjective/Noun Medico Number Number Medico Medico Noun Medico Noun Noun Medico Number Noun Medico Medico Medico Adjective Medico Medico ExamResult Noun Medico Medico Adjective/Noun ExamResult Noun Medico Adjective/Noun Noun Medico Adjective/Noun/Verb Medico Noun Medico Noun/Verb Medico Adjective/Adverb Adverb/Noun Adjective Medico Noun Medico Noun/Verb Noun Medico Noun Noun Medico Adjective/Noun/Verb Medico Noun/Verb Medico Noun Adjective Noun Adjective Adjective/Adverb/Noun Medico Noun Number Noun Adjective Noun Noun Noun Noun/Verb Medico Noun Adjective Noun Adjective/Adverb/Noun Medico Adjective Medico Adjective/Noun Adjective/Noun Noun Medico Medico Adjective/Noun Adjective/Adverb/Noun Adjective/Noun Noun Medico Medico Adverb Adjective Medico Adverb Adjective/Noun Medico Adjective/Noun Adverb/Noun/Verb Medico Medico Noun Noun/Verb Adjective Adjective/Adverb Noun Noun Medico Medico Noun Noun Noun Medico Medico Medico Adjective/Adverb/Noun Medico Noun Noun/Verb Medico Number Medico Number Adjective Medico Medico Noun Medico Noun Medico Noun/Verb Adjective/Adverb/Noun Medico Adjective/Adverb/Noun Adjective/Noun Noun Adjective Medico Medico Adjective Noun Medico Medico Noun Adjective/Adverb Noun Medico Adjective Noun Medico Medico Noun Adjective/Verb Noun Medico Noun Medico Noun Adjective Adjective/Adverb/Noun Medico Adjective/Noun Noun Adjective/Noun Medico Medico Adjective/Noun/Verb Adjective/Noun/Verb Medico Medico Adjective Noun Medico Noun Adjective Medico Medico Noun Noun/Verb Adjective/Noun Adjective/Noun Adverb/Noun/Verb Medico Medico Noun Noun/Verb Number Medico Noun Adjective Medico Adjective Noun Medico Adjective Medico Adjective Adverb Noun Adjective/Noun/Verb Medico Adverb Medico Medico Noun Noun Noun Medico Medico Medico Adjective/Noun/Verb Medico Noun Adjective Adjective/Noun Medico Medico Medico Medico Adverb Medico Adjective/Noun/Verb Medico Adjective Medico Adjective Noun Medico Noun Noun Number Noun Medico Adjective/Adverb/Noun Adjective/Noun Medico Noun Medico Adverb/Noun/Verb Medico Medico Noun Adjective Medico Noun Medico Noun Medico Noun Noun/Verb Adjective/Noun Medico Adjective Adverb/Noun/Verb Medico Medico Noun Noun/Verb Number Medico Noun Adjective/Adverb/Noun/Verb Adjective Medico Adjective Noun Medico Medico Adjective/Adverb/Noun Medico Noun Noun Medico Adjective/Adverb/Noun Noun Medico Noun Medico Adjective Medico Medico Medico Adjective Medico Medico Adjective Adverb/Noun/Verb Adjective Adjective/Noun Medico Medico Medico Adjective/Adverb Noun Medico Medico Medico Adjective/Noun Adjective Medico Adjective Adjective/Noun Medico Medico Medico Noun Number Noun Medico Adjective/Noun/Verb Adverb Medico Adverb/Noun/Verb Medico Medico Noun Medico Adjective Medico Noun Medico Adjective/Adverb/Noun Medico Adjective/Adverb/Noun Adjective/Noun Adjective Medico Medico Adjective/Noun Medico Adjective Noun Medico Adjective/Adverb Adverb Adjective/Adverb/Noun Medico Noun Adjective Noun Adjective/Noun Medico Adjective/Adverb Noun Medico Medico Medico Medico Adverb Medico Adverb/Noun Number Medico Adjective/Adverb Noun Medico Adjective/Noun Medico Noun Adjective/Adverb/Noun/Verb
PMC7086412,PMC7086412_01,Noun Number Noun Adjective/Noun Noun Adjective/Noun Noun Adjective/Noun Noun Adjective/Noun/Verb Medico Medico Medico Noun/Verb Medico Noun Noun Noun Number Medico Medico Adjective/Noun Noun Medico Adjective Noun/Verb Medico Medico Medico Medico Adjective/Adverb Medico Noun Medico Noun Adjective Adjective Noun/Verb Adverb Medico Adjective Adjective/Noun Noun Noun Medico Medico Medico Medico Noun Medico Adjective/Noun Medico Adverb Medico Medico Adverb Noun Noun Medico Noun Adjective Noun/Verb Noun Adverb Medico Noun Adjective/Adverb Noun/Verb Medico Medico Medico Noun Medico Adjective Medico Medico Adjective/Noun Number Noun Adjective/Noun Noun Noun Noun Noun Medico Medico Medico Medico Adjective/Adverb/Noun Noun/Verb Medico Adjective/Noun Noun Medico Noun Medico Noun Medico Adjective Noun/Verb Noun Medico Noun Adverb Number Medico Adjective Noun/Verb Medico Noun Medico Adverb Adjective Medico Noun/Verb Adverb Medico Adverb Adjective/Noun Medico Medico Adjective/Noun Adjective/Adverb/Noun Noun Medico Medico Noun Noun Medico Medico Medico Noun Adjective Medico Adjective/Noun Noun/Verb Noun Noun Medico Adverb Adjective Adjective/Adverb Number Medico Adjective Noun/Verb Medico Adjective/Noun Medico Medico Medico Noun Noun Adjective/Noun Noun/Verb Medico Noun Noun Medico Medico Medico Medico Adjective Adjective Noun/Verb Medico Noun Medico Noun Adjective/Verb Noun/Verb Noun/Verb Noun Noun/Verb Adjective/Noun Noun Noun/Verb Noun Adjective/Noun/Verb Noun Medico Adjective/Noun Adjective Noun Noun Noun/Verb Noun/Verb Medico Medico Adjective/Noun Noun Noun Noun Medico Medico Noun Medico Noun Noun Medico Adjective/Noun Number Noun Medico Medico Medico Noun/Verb Adjective/Noun Noun Noun Medico Noun Noun Noun Medico Medico Adjective/Adverb Noun Medico Medico Adjective/Noun/Verb Medico Noun Medico Medico Noun Noun Medico Noun/Verb Medico Number Number Adjective Medico Noun Adjective Adjective/Adverb Medico Adjective Adverb Medico Adjective/Noun Noun Noun Adjective/Adverb/Noun Medico Noun Medico Noun Adjective Noun Noun Medico Adjective Medico Noun/Verb Medico Adjective/Noun Medico Noun Noun Medico Noun/Verb Medico Adjective/Noun Medico Medico Medico Medico Adverb Noun Noun Medico Adjective Noun/Verb Medico Medico Medico Medico Medico Medico Noun Medico Adjective Medico Medico Medico Medico Adverb/Noun/Verb Medico Medico Medico Adjective/Verb Noun Medico Number Noun/Verb Adjective/Adverb Adverb Number Noun Noun Medico Medico Adverb Adverb Medico Adjective/Adverb/Noun Adjective Noun Medico Medico Adjective Noun/Verb Medico Number Noun/Verb Adjective/Adverb/Noun Adjective/Adverb/Verb Noun Medico Adjective Adjective/Adverb/Noun Medico Adjective/Adverb Noun Medico Noun Medico Noun Medico Adjective/Noun Adjective Noun Medico Noun Adjective/Noun Adjective Noun Noun Medico Adjective Medico Medico Adjective Adjective/Adverb/Noun Medico Medico Adjective Noun/Verb Medico Adjective/Noun Noun/Verb Medico Adverb Verb Medico Adjective/Verb Adjective/Adverb Noun Noun Noun/Verb Medico Medico Adjective Medico Noun/Verb Medico Medico Noun/Verb Medico Adverb Verb Medico Medico Medico Medico Adjective/Noun Medico Noun Noun Noun/Verb Medico Medico Adverb Adjective Medico Adjective/Noun Noun/Verb Medico Adverb Medico Adverb Medico Noun/Verb Medico Adjective Medico Noun/Verb Medico Medico Noun/Verb Medico Adjective Medico Adverb Medico Adjective Medico Adverb Medico Noun Medico Medico Medico Adverb Adjective Adjective/Adverb/Noun Medico Noun Noun/Verb Adverb/Noun Medico Adjective Noun/Verb Medico Adverb Medico Medico Medico Noun/Verb Medico Adjective/Noun Medico Medico Medico Medico Adjective Noun Adjective/Adverb/Noun Medico Medico Noun Medico Medico Noun Adjective Noun Adjective Noun Medico Medico Medico Number Medico Medico Adjective Noun Medico Medico Medico Adjective/Noun Noun/Verb Medico Noun/Verb Medico Medico Noun Noun Noun/Verb Noun/Verb Medico Adjective/Adverb/Noun Medico Noun Medico Noun Noun Noun Number Medico Adjective Noun Medico Adjective Noun/Verb Medico Adjective/Noun/Verb Noun Medico Medico Noun/Verb Medico Medico Number Noun
PMC7086412,PMC7086412_02,Noun Number Noun Adjective/Noun Noun Adjective/Noun Noun Adjective/Noun/Verb Medico Medico Medico Noun/Verb Medico Noun Noun Noun Number Medico Medico Adjective/Noun Noun Medico Adjective Noun/Verb Medico Noun Noun Medico Adjective Adjective Noun Medico Medico Adjective/Noun/Verb Medico Noun/Verb Noun Adjective Adjective Noun/Verb Adjective/Adverb Noun/Verb Medico Medico Medico Noun Medico Adjective Medico Medico Medico Medico Noun Noun Medico Noun Medico Number Noun Noun Noun Noun/Verb Noun Medico Adjective/Adverb/Noun Adjective Noun Adjective/Noun Medico Adjective Noun/Verb Medico Medico Adjective Noun Adjective/Adverb/Noun Medico Medico Adjective/Noun Medico Noun/Verb Adjective/Noun/Verb Noun/Verb Medico Number Medico Noun Medico Medico Medico Number Number Adverb Medico Adjective/Adverb Medico Medico Adjective/Noun Noun ExamResult Noun Noun/Verb Number Noun Verb Adjective/Adverb/Verb Adjective/Noun Noun Number Noun Medico Medico Medico Medico Noun Adjective/Noun Noun Adjective/Noun Noun Medico Adjective/Noun Noun Noun Medico Number Number Number Medico ExamResult Noun Adverb Adjective/Adverb/Noun Noun Medico Noun Noun Medico Adjective Adjective/Adverb/Noun Medico Medico Noun Adjective/Noun/Verb Adjective/Noun Noun/Verb Medico Medico Noun/Verb Medico Medico Medico Medico Adjective Medico Verb Noun Noun/Verb Adjective/Noun Noun Medico Noun Number Medico Adjective Noun/Verb Adverb Medico Noun Medico Number Medico Adjective Noun/Verb Medico Number Noun Number Noun Medico Medico Medico Noun Adjective/Noun Noun Adjective/Noun Noun Medico Adjective/Noun Noun Noun Medico Number Number Number Medico ExamResult Noun Adverb Adverb Adjective/Adverb/Noun Noun Medico Noun Noun Medico Adjective Adjective/Adverb/Noun Medico Medico Noun Adjective/Noun/Verb Adjective/Noun Noun/Verb Medico Adjective/Noun Medico Medico Medico Noun Noun Adjective/Noun Noun/Verb Medico Noun Noun Medico Medico Medico Medico Adjective Adjective Noun/Verb Adverb/Noun Adverb Adjective Medico Adjective/Adverb Noun Medico Medico Adjective/Noun/Verb Medico Noun Medico Medico Noun Noun Medico Noun/Verb Medico Number Number Adjective Medico Noun Adjective Adjective/Adverb Medico Adjective Adverb Medico Adjective/Noun Noun Noun Medico Adjective/Noun Medico Noun Noun Medico Noun/Verb Medico Adjective/Noun Medico Medico Medico Medico Adverb Noun Noun Medico Adjective Noun/Verb Medico Medico Medico Medico Medico Medico Noun Medico Adjective Medico Medico Medico Medico Adverb/Noun/Verb Medico Medico Medico Adjective/Verb Noun Adjective/Adverb Adverb Number Noun Noun Medico Medico Adverb Adverb Medico Adjective/Adverb/Noun Medico Noun Medico Medico Adjective Noun/Verb Adverb Medico Adjective/Noun Noun/Verb Medico Adverb Verb Medico Adjective/Verb Adjective/Adverb Noun Noun Noun/Verb Medico Medico Adjective Medico Noun/Verb Medico Medico Noun/Verb Medico Adverb Verb Medico Medico Medico Medico Adjective/Noun Medico Noun Noun Noun/Verb Medico Medico Adverb Adjective Medico Adjective/Noun Medico Adjective Medico Medico Noun Noun/Verb Adverb Medico Noun/Verb Medico Adjective Medico Adjective/Noun Medico Adjective Adjective/Adverb/Noun/Verb Medico Medico Noun/Verb Medico Medico Noun/Verb Medico Adverb Adjective Medico Adjective Medico Medico Adverb Adjective Medico Noun Noun Medico Medico Adjective/Noun Noun/Verb Medico Adjective Adverb Medico Adverb Noun/Verb Adjective Noun Adjective/Noun Noun Noun/Verb Medico Adjective Noun Noun Adjective Noun Noun/Verb Medico Noun Noun Adjective Adjective/Adverb/Noun Medico Noun Noun Medico Medico Noun Adverb/Noun Noun Adjective/Noun Adjective/Adverb/Noun Medico Noun Medico Adjective Noun/Verb Medico Noun Adjective/Adverb Medico Noun/Verb Medico Adverb Adjective Adjective/Adverb/Noun Medico Medico Adjective/Noun Noun/Verb Medico Noun/Verb Medico Adjective/Adverb/Noun Adjective Adjective/Adverb/Noun Noun Adjective Noun Medico Noun/Verb Medico Noun Noun/Verb Noun/Verb Noun Noun Noun Noun/Verb Noun/Verb Adverb/Noun Adjective Adverb Medico Medico Medico Medico Medico Adjective Adjective/Adverb/Noun Medico Medico Noun/Verb Medico Medico Adjective/Adverb/Noun Medico Noun Medico Noun Noun Noun ExamResult Medico Noun Medico Adjective Noun/Verb Medico Adjective/Noun/Verb Noun Medico Medico Noun/Verb Medico Medico Number Noun
PMC3557982,PMC3557982_01,Medico Medico Medico Medico Adjective Medico Adjective Noun Medico Medico Adjective/Noun/Verb Medico Noun Medico Medico Adverb Adjective/Noun/Verb Medico Adjective Noun Noun Medico Noun Medico Noun Medico Medico Noun Medico Adjective Medico Noun/Verb Medico Noun Noun Medico Medico Adjective Noun Medico Adjective/Noun Medico Medico Noun Medico Medico Medico Noun Medico Noun Adjective Adjective Medico Medico Noun Medico Noun/Verb Adjective/Adverb Number Noun Medico Noun Medico Noun Medico Adjective Adverb Adjective Noun Adjective/Adverb/Noun/Verb Noun Adjective Noun/Verb Adjective/Noun Adjective Noun Medico Noun Medico Medico Medico Noun Noun Adjective/Noun Medico Noun Medico Medico Noun/Verb Medico Noun Verb Medico Medico Adjective/Noun Medico Adjective/Noun Medico Medico Adjective/Noun Noun Noun Adjective/Adverb/Noun Noun Noun Noun Medico Verb Medico Medico Adverb Adjective/Noun Medico Noun Medico Adverb/Noun Adjective Medico Medico Noun/Verb Medico Adjective/Noun/Verb Medico Noun/Verb Medico Number Adjective/Noun Noun Medico Medico Adjective/Noun Medico Adjective/Noun Adjective/Noun/Verb Adjective/Adverb/Noun Medico Medico Adjective Noun Medico Adjective Adjective Medico Medico Adjective/Adverb/Noun/Verb Noun Medico Number ExamResult Medico Medico Adjective/Adverb/Noun Number ExamResult Noun/Verb Noun/Verb Number ExamResult Noun Adverb Noun Medico Adjective/Verb Adjective/Noun Noun/Verb Medico Medico Medico Medico Noun Medico Adjective Noun Noun/Verb Number Noun Adjective/Noun Noun Noun Noun/Verb Number Number Medico Medico Medico Noun Medico Adjective/Noun Adjective Medico Medico Medico Adjective Adjective Medico Adjective Noun Adverb Medico Number Medico Medico Adjective Medico Medico Noun Adjective/Noun Noun/Verb Medico Adjective/Adverb Noun Adjective/Noun Adjective Medico Medico Noun Medico Adjective/Noun Noun Medico Adjective Medico Noun/Verb Medico Medico Medico Medico Adjective/Noun Medico Medico Adjective/Adverb Noun Noun Medico Noun/Verb Medico Adjective Medico Number Medico Medico Noun Noun/Verb Medico Medico Noun/Verb Number Number Adjective/Noun Number Number Adjective/Adverb Number Adjective/Noun/Verb Adjective/Noun Noun Adjective/Noun Medico Adjective/Noun/Verb Medico Medico Noun/Verb Medico Medico Medico Adjective/Noun Medico Noun Medico Medico Number Medico Adjective/Noun/Verb Adjective/Adverb/Noun Number Medico Medico Medico Medico Medico Number Adverb Medico Number Medico Number Medico Medico Medico Number Number Medico Medico Medico Number Medico Number Medico Medico Medico Number Medico Adjective Noun Medico Medico Number Medico Number Medico Medico Adjective/Noun Medico Adjective/Adverb/Noun Medico Noun Noun/Verb Medico Adjective/Noun Adjective Noun Noun Medico Adjective/Noun Adjective Noun Medico Adjective/Adverb/Noun Noun Number Noun Adjective/Noun Noun Noun Medico Medico Adjective/Adverb/Noun Noun Number Medico Adjective/Adverb/Noun/Verb Medico Noun Noun/Verb Medico Adjective Noun Adjective/Adverb/Noun Noun Number Noun Adjective/Noun Noun/Verb Noun Medico Medico Adjective/Adverb/Noun Adjective/Noun Number Adjective Medico Medico Medico Number Medico Medico Medico Number Noun Medico Adjective Medico Noun Medico Medico Medico Noun Adjective Adjective/Adverb/Noun Number Medico Medico Medico Number Medico Medico Medico Medico Medico Medico Adverb Noun Adjective/Noun/Verb Number Noun Noun Medico Medico Adjective/Noun Noun Medico Noun/Verb Medico Adverb Noun Number Noun Noun Medico Medico Adjective/Noun Adjective/Noun Noun Medico Medico Adjective Noun Medico Medico Medico Medico Adjective Medico Adverb Adjective Adjective Noun Adjective/Adverb Medico Number Noun Medico Medico Adverb Adjective Noun Medico Medico Noun/Verb Medico Medico Noun Medico Medico Medico Medico Noun Medico Medico Medico Medico Medico Medico Number Medico Medico Noun Medico Medico Medico Medico Medico Medico Medico Adjective Noun Noun Medico Noun/Verb Number Number Number Medico Number Noun/Verb Number Medico Adjective/Noun/Verb Adjective/Adverb/Noun Medico Adjective/Adverb/Noun Medico Medico Adjective/Noun Medico Medico Medico Number Medico Medico Noun Medico Medico Adverb Adjective Medico Medico Medico Medico Medico Medico Adjective Medico Medico Noun Medico Noun Noun Noun/Verb Medico Medico Medico Medico Noun Adjective Medico Number Noun Noun Adjective Adjective/Adverb/Noun Medico Medico Noun/Verb Medico Medico Adjective Medico Medico Noun Adjective Noun Medico Medico Medico Noun Medico Medico Medico Medico Medico Medico Medico Noun Medico Adjective Medico Medico Noun Adjective Adjective/Adverb Noun Noun Noun Medico Adverb Medico Adjective/Adverb Medico Number Medico Medico Noun Adverb Adjective Noun Medico Medico Noun Medico Medico Number Noun Noun Medico Medico Medico Medico Medico Medico Medico Medico Adjective/Noun Medico Medico
PMC9815523,PMC9815523_01,Noun Adjective/Noun/Verb Medico Number Medico Medico Medico Medico Adjective Medico Adjective Medico Adjective/Noun Adjective Noun Medico Noun Adjective/Noun Noun Noun/Verb Noun/Verb Number Noun Number Noun Adjective Noun Noun/Verb Noun/Verb Number Noun Number Medico Noun Adjective/Noun/Verb Adjective/Adverb/Noun Noun/Verb Medico Medico Adjective Adverb Adjective/Adverb Noun Adjective/Adverb/Noun Noun Medico Adjective/Noun Noun Noun/Verb Number Noun Number Medico Adjective/Noun/Verb Medico Medico Adjective/Adverb Adjective/Noun Medico Medico Adverb Number Medico Number Noun Adjective/Noun Medico Adjective/Noun/Verb Medico Medico Adjective Noun/Verb Medico Medico Noun Medico Medico Medico Noun Adjective Noun Noun Medico Noun Medico Adjective Adjective/Adverb/Noun Adjective/Adverb Medico Medico Adjective/Noun Verb Adjective/Adverb/Verb Medico Adverb Number Number Number Medico Medico Medico Number Number Adverb Noun/Verb Number Adjective/Noun Medico Number Number Adjective Adjective Adjective Noun Medico Medico Noun Noun Adverb Adjective/Noun/Verb Noun Medico Verb Medico Noun Medico Medico Noun Adjective/Noun Medico Number Number Medico Medico Medico Medico Adjective/Noun Number Number Medico Adjective Noun Adjective/Adverb/Noun Medico Adjective Number Medico Number Number Adjective/Adverb/Noun Adjective Noun Medico Medico Adjective Noun Medico Medico Medico Adverb/Noun Adjective/Adverb/Noun Noun Adjective/Adverb/Noun Medico Noun Medico Noun/Verb Adjective Adverb Medico Medico Medico Adjective/Adverb/Noun Medico Medico Medico Adjective/Adverb Adverb/Noun Adjective Adjective Noun Medico Noun Noun Noun Medico Adjective/Noun/Verb Adjective/Adverb/Noun Medico Medico Adjective/Noun Adjective/Noun Medico Number Number Medico Adjective Medico Medico Number Medico Number Noun Adjective/Noun Noun Adjective/Noun Medico Noun Adjective/Noun Adjective/Noun Adjective/Adverb Adjective Adjective Noun Adjective Adjective/Adverb Noun/Verb Noun Medico Adjective Adjective Noun Noun/Verb Number Adverb/Noun Medico Noun Adjective/Adverb Noun Adjective/Adverb/Noun Noun Medico Medico Noun Adjective Medico Adjective/Noun Medico Medico Number Medico Medico Noun Adjective/Noun Noun Medico Adjective/Noun Medico Medico Number Number Medico Adjective/Noun Medico Number Number Medico Noun Adjective/Adverb/Noun/Verb Noun Adjective/Adverb/Noun/Verb Verb Adjective/Adverb/Verb Adjective/Noun Number Medico Medico Adjective Number Medico Medico Adjective Noun Adjective Medico Noun Number Noun Adjective Noun Noun Number Adjective/Noun Medico Medico Medico Medico Adverb Adjective Adverb Medico Medico Adjective Adverb/Noun Adjective/Noun/Verb Adjective/Adverb/Noun Medico Medico Noun/Verb Number Medico Medico Adjective Verb Adjective/Adverb/Verb Adjective/Noun Medico Medico Noun Medico Adjective/Adverb Medico Noun Adjective/Noun Adjective/Noun Medico Adjective/Verb Adverb Adjective Noun Noun/Verb Number Adjective/Noun Medico Adjective Noun Noun/Verb Number Medico Medico Noun Noun Medico Adjective/Adverb/Noun Adjective/Noun Adjective Noun Noun/Verb Noun Adjective/Adverb/Noun Medico Adjective Adjective Noun/Verb Noun Noun/Verb Number Adverb Adjective Noun Noun Adverb Medico Adjective/Adverb Adjective/Noun Noun Adjective Noun Medico Medico Medico Adjective/Noun Adjective Medico Adjective Noun Medico Medico Adjective Medico Noun Adjective/Noun Medico Medico Medico Medico Adjective/Noun Medico Adjective/Adverb/Noun/Verb Noun Noun Adjective/Adverb/Noun Noun/Verb Number Adjective/Noun Noun Medico Medico Noun/Verb Adjective Medico Noun Medico Medico Medico Adjective Medico Noun Number Medico Number Medico Medico Medico Adverb Adjective/Noun Number Medico Number Medico Noun Noun Medico Adverb Adjective Adjective/Noun Medico Adjective/Noun Medico Number Medico Adjective/Noun Adjective/Adverb Adjective/Noun Medico Medico Adverb Adverb Verb Noun Adverb Adjective Adjective Noun Noun Noun Number Number Noun Medico Adjective/Adverb Noun Number Number Adverb Number Medico Number Adjective Adjective/Adverb Noun/Verb Medico Noun/Verb Adjective Noun Noun Medico Noun Adjective/Noun Noun Medico Adjective/Noun Medico Medico Number Number Medico Number Medico Medico Medico Number Medico Noun Adjective/Noun Medico Adjective/Noun Medico Adjective/Adverb/Noun/Verb Adjective Noun/Verb Noun Medico Adjective/Noun Medico Medico Noun Adjective/Adverb Adjective/Noun Noun Number Medico Medico Noun Adjective/Adverb/Noun/Verb Medico Number Medico Medico Adjective Noun Adjective Medico Adjective/Noun Medico Medico Noun Adjective Adjective Noun Medico Adjective Number Medico Medico Adjective Medico Adjective Noun Noun/Verb Number Adjective/Adverb/Noun Number Medico Medico Adjective Medico Noun Adjective/Noun/Verb Medico Number Medico Medico Medico Adjective/Noun Medico Noun Noun Adjective/Adverb/Noun Noun Adjective Adjective/Noun Medico Noun/Verb Number Medico Noun Medico Medico Medico Medico Noun Medico Adjective Adjective Noun Noun Number Number Medico Noun Adjective/Noun Medico Medico Noun Verb Adjective/Noun Adjective/Noun Medico Medico Noun Adverb Adjective Adjective/Adverb/Noun Noun/Verb Medico Adjective/Noun Medico Medico Noun Adjective/Noun Adjective/Adverb/Noun/Verb Noun/Verb Noun Medico Adjective/Noun Noun Medico Adjective/Noun Adverb Adjective Medico Medico Medico Adjective Medico Medico Adjective/Adverb Adjective/Noun Medico Adjective/Noun Adverb Medico Medico Adjective Medico Noun Noun Noun/Verb Medico Medico Adjective Medico Adjective/Noun Medico Medico Adjective/Noun Medico Adjective/Adverb/Noun/Verb Noun Noun Adverb Adjective/Adverb/Noun Adjective/Noun Medico Medico Medico Adjective Noun Medico Medico Adjective Adjective/Noun Medico Adjective/Adverb/Noun/Verb Noun Noun Adjective/Adverb/Noun Adjective/Noun Medico Adjective/Adverb/Noun Adjective/Noun Medico Adverb Adjective Medico Noun Noun Adjective/Noun Noun/Verb Medico Adverb Noun Adjective Noun/Verb Noun/Verb Adverb Medico Adjective Adjective/Noun Medico Number Medico Adjective Noun Medico Noun/Verb Number Number Adjective Medico Adjective Medico Medico Noun Noun Adjective/Adverb/Noun/Verb Noun Noun/Verb Adjective/Noun Adjective Noun Adjective Medico Medico Adjective/Adverb/Noun Adjective/Noun Medico Adjective/Adverb/Noun Noun Medico Adjective/Adverb/Verb Noun/Verb Noun Noun/Verb Number Noun/Verb Number Adjective Number Adjective/Noun/Verb Adjective/Adverb/Noun Medico Adverb Medico Adjective/Adverb Noun/Verb Number Medico Number Medico Medico Adjective Medico Noun Medico Medico Medico Medico Medico Medico Adjective/Adverb/Verb Noun Medico Medico Adjective/Adverb Number Medico Medico Adverb Adjective Adverb Medico Medico Adverb Adjective Adverb Adjective Noun Adjective Medico Adjective/Noun Medico Medico Noun Adjective Noun Adjective/Noun Noun Adjective/Adverb Noun Noun Medico Number Medico Medico Adjective Noun Adjective Medico Medico Noun Adjective/Noun Adjective/Noun Medico Medico Adjective Medico Noun Adjective/Noun Medico Medico Adjective/Noun Medico Noun Medico Medico Noun Adjective/Noun Noun Medico Number Medico Adjective/Noun Medico Adjective Noun Adjective/Adverb Medico Medico Adjective Adjective Noun Medico Medico Noun Noun Medico Verb Medico Adjective/Adverb Medico Adjective/Noun Medico Medico Adjective/Noun Medico Adjective Adjective Noun Noun Medico Noun Adjective/Noun Noun Medico Number Medico Noun/Verb Number Adjective/Noun Medico Medico Noun Adjective/Adverb/Noun/Verb Adjective/Adverb Adjective/Noun Adjective Noun Adverb Number Medico Medico Adjective Medico Noun Number Noun Medico Adjective Noun Noun Number Noun/Verb Number Adjective/Noun Medico Medico Medico Medico Adjective Medico Adjective/Noun Medico Adjective/Adverb/Noun/Verb Noun Noun Adjective/Adverb/Noun Adjective/Noun Medico Medico Number Noun Adjective/Adverb/Noun/Verb Medico Adjective/Adverb/Noun Adjective/Noun/Verb Number Number Noun Adjective/Adverb/Noun/Verb Verb Adjective/Adverb/Verb Noun Medico Medico Adjective/Adverb/Noun Adjective/Noun Medico Adjective/Noun Adjective/Noun Medico Noun Noun Noun Adjective/Adverb Medico Noun/Verb Number Medico Adjective/Noun Medico Medico Noun Medico Adjective/Noun Noun/Verb Number Adjective/Noun Noun/Verb Number Medico Medico Adjective/Noun Adjective Adjective Noun Medico Adjective/Noun Medico Adjective Medico Noun Noun Noun/Verb Adverb Adjective/Noun Adjective/Noun Adjective Noun Noun Medico Adjective Adjective/Noun Noun Noun/Verb Number
PMC4310058,PMC4310058_01,Noun Number Noun Adjective/Noun Adjective/Noun Medico Medico Noun Medico Noun Noun Medico Medico Adjective/Adverb/Noun/Verb Adjective Noun Medico Adjective/Noun Medico Adjective/Adverb/Noun Adjective Medico Noun Number Medico Adjective/Noun Medico Adjective/Adverb/Noun Adjective/Noun Noun/Verb Adjective/Adverb/Noun Adjective/Noun/Verb Noun Medico Medico Adjective Adjective/Adverb/Noun Noun Number Noun Noun Number Noun Adverb Medico Medico Medico Medico Noun Adjective/Noun Noun Medico Noun Noun Adjective/Noun/Verb Adjective/Adverb Adjective/Noun Medico Noun Adjective/Adverb/Noun Noun Adjective/Noun Medico Noun Medico Adjective/Noun Adjective Medico Adjective Medico Adverb Medico Adjective/Adverb/Noun Adjective/Noun Noun Noun Adjective Adjective Medico Adjective/Adverb Noun Medico Adjective/Noun Medico Adjective Medico Noun/Verb Noun Adjective Noun/Verb Medico Noun Medico Medico Adjective/Adverb/Noun/Verb Adjective Adjective/Noun/Verb Medico Adjective Noun/Verb Medico Adjective Medico Noun Medico Medico Adjective Medico Adjective/Noun Noun Adjective Noun Medico Medico Medico Adjective/Adverb/Noun Noun/Verb Medico Number Noun Adjective/Noun Medico Noun Noun Noun/Verb Adjective/Adverb/Noun Medico Adjective/Adverb/Noun/Verb Adjective Adjective/Noun/Verb Noun/Verb Medico Medico Adjective/Adverb/Noun/Verb Medico Adjective/Adverb/Noun Medico Noun Noun Medico Medico Adjective/Noun Noun Medico Medico Noun Noun/Verb Medico Medico Adjective/Noun Medico Noun/Verb Medico Adverb Verb Medico Verb Medico Noun Noun Noun/Verb Noun Adjective Noun Noun Noun Medico Medico Medico Adjective Medico Noun Medico Medico Noun Medico Medico Noun Noun/Verb Medico Noun Noun Medico Medico Noun Noun/Verb Medico Adjective/Adverb/Noun/Verb Adjective Medico Medico Noun Noun/Verb Medico Medico Medico Adjective Noun/Verb Medico Adverb Adjective Noun Adverb ExamResult Adjective/Adverb/Noun Noun Medico Medico Adjective Noun Noun Medico Adjective Adjective/Noun/Verb Medico Adjective/Adverb/Verb Medico Noun Adjective/Noun/Verb Medico Noun Medico Noun/Verb Adverb Adjective/Adverb/Noun Medico Adjective/Noun/Verb Adverb Medico Adjective/Noun/Verb Medico Adjective Medico Noun Noun/Verb Adjective/Noun/Verb Noun Medico Adjective Noun/Verb Noun/Verb Medico Noun/Verb Medico Noun Medico Medico Noun/Verb Noun Noun Medico Adjective Medico Adjective Noun/Verb Adjective Noun Medico Noun Medico Noun Medico Adverb Adjective Medico Medico Adjective Medico Medico Adjective/Noun/Verb Medico Adjective/Adverb/Noun Adjective Medico Adjective Adjective/Noun/Verb Medico Adjective/Adverb/Noun Adjective Medico Noun Noun/Verb Noun Noun/Verb Medico Adjective Medico Verb Medico Adjective Noun/Verb Medico Medico Medico Number Medico Adjective/Noun Medico Medico Noun Adjective/Adverb/Noun/Verb Medico Medico Adjective/Adverb/Noun Adjective Adjective/Noun Noun Medico Medico Medico Adjective/Adverb/Noun/Verb Adjective Noun Medico Adjective Medico Medico Adjective/Noun Medico Adjective Adjective/Adverb Adjective Noun Number Adjective/Adverb Adjective/Noun/Verb Noun Medico Adjective/Adverb Noun/Verb Noun Medico Adjective Adjective/Noun/Verb Medico Adjective Medico Noun/Verb Medico Adverb Medico Adjective Adjective Noun/Verb Medico Noun Adjective/Noun Medico Medico Adjective Adjective/Noun/Verb Noun Medico Noun Adjective Medico Medico Adjective Adjective/Noun/Verb Medico Medico Medico Adjective/Noun/Verb Medico Adjective Adjective/Adverb Medico Medico Medico Medico Medico Noun Medico Medico Adjective Adverb/Noun Medico Adjective Noun Medico Adjective/Noun Noun Medico Medico Medico Noun Adjective Medico Adjective Noun Adjective/Adverb Adjective/Adverb/Noun Noun Medico Noun Medico Medico Noun/Verb Medico Medico Noun Medico Noun Noun Medico Noun Medico Noun/Verb Medico Noun/Verb Noun Adjective Medico Adjective Noun Medico Medico Medico Medico Medico Adverb Adjective
PMC3859158,PMC3859158_01,Noun Number Noun Adjective/Noun Noun/Verb Medico Medico Noun Number Noun Noun Medico Adjective Adjective Noun/Verb Medico Noun/Verb Medico Adverb Adjective Adjective/Adverb/Noun Noun Medico Medico Medico Noun Medico Noun Adjective/Noun Medico Adjective/Adverb Noun Medico Adjective Noun Adjective Noun Noun Noun Adjective Noun Noun Noun Noun Medico Noun Adverb Adjective/Noun Medico Adjective/Adverb Noun Medico Adjective/Noun Medico Adjective/Adverb Adverb/Noun Noun Noun Noun Noun Noun/Verb Noun Adjective/Adverb/Noun Adjective/Noun Adjective Medico Noun Noun Medico Adjective Adjective/Adverb Adjective Noun Adjective/Noun Medico Adverb Adjective/Noun/Verb Noun Medico Adjective/Adverb Adjective Medico Medico Adverb Medico Adjective Noun Medico Adverb Adjective/Noun/Verb Medico Noun Medico Noun/Verb Medico Noun Adjective Adjective/Noun/Verb Adjective/Adverb Noun Medico Medico Adjective/Verb Noun/Verb Noun/Verb Adjective/Noun Noun Adjective Medico Adjective/Noun/Verb Medico Noun Noun Noun/Verb Medico Medico Medico Noun Medico Medico Noun Noun Number Number Noun Number Number Medico Adverb Adjective/Noun Noun Noun/Verb Adjective Medico Noun Noun Noun/Verb Medico Noun Number Number Adjective/Noun Number Number Adjective/Noun ExamResult Adjective Medico Adjective/Adverb/Noun/Verb Adjective Adjective/Adverb/Noun Medico Adjective/Noun/Verb Medico Adverb Medico Adjective/Noun Noun Noun Noun Medico Medico Adjective/Noun/Verb Adjective Adjective Adjective Noun Medico Adjective/Noun Adjective Adjective Noun Adjective/Adverb/Noun Noun/Verb Medico Noun Noun Adjective Adjective Noun Medico Adjective Medico Number Noun Medico Number Noun Noun Noun Medico Adjective/Noun/Verb Medico Adjective Medico Verb Medico Adjective Noun/Verb Adjective/Noun Medico Adjective Noun Medico Adjective Noun/Verb Noun Medico Adjective Noun Noun Medico Adjective Medico Adjective Noun Medico Noun Medico Adjective Noun Noun Medico Medico Adjective Adjective Noun Medico Medico Adjective/Noun/Verb Medico Adjective Medico Adverb Medico Adjective Adjective Adjective/Noun/Verb Adjective Number Number Adjective/Noun ExamResult Noun Adjective/Noun/Verb Noun/Verb Medico Adjective/Noun Medico Adjective/Noun/Verb Adjective/Noun/Verb Medico Noun Adjective/Noun Adjective Noun Adverb Medico Adjective Adjective Adjective/Noun/Verb Medico Adjective Medico Medico Noun Adjective Noun Medico Medico Adjective/Adverb Adjective Adjective Noun Medico Adjective Adjective Medico Adjective/Noun/Verb Adjective/Adverb/Noun Noun Adjective Noun Adjective Adjective Medico Medico Adjective Noun/Verb Number Noun Medico Adjective/Noun Medico Medico Noun Adjective Medico Noun Medico Medico Adjective Noun Medico Medico Adjective Adjective/Adverb/Noun Medico Noun Medico Adjective Adjective Medico Medico Adjective/Adverb/Noun Noun Medico Noun Adjective Medico Adjective/Noun Medico Medico Adjective/Noun/Verb Adjective/Adverb/Noun Noun Noun Noun Medico Adjective Noun/Verb Number Noun Medico Noun Medico Adjective Adverb Medico Adverb Adjective/Noun Medico Medico Noun Noun/Verb Number Adverb Noun Medico Adjective Adjective/Noun/Verb Medico Medico Medico Medico Medico Medico Number Noun Adjective/Noun Noun Medico Adjective/Noun Adjective/Noun Medico Medico Adjective Noun/Verb Medico Adjective Adjective/Noun Medico Noun Adjective Adjective Adverb/Noun/Verb Adjective/Noun Noun Adverb Adjective/Noun Adjective Adjective/Adverb/Noun Adjective/Noun Noun Noun Noun Adjective Number Noun Noun Adjective/Noun Medico Adverb Adjective Medico Noun Noun/Verb Noun Medico Adjective/Adverb/Noun Noun/Verb Medico Noun Noun
PMC9650410,PMC9650410_01,Adjective Adjective/Adverb/Noun Noun Medico Medico Noun Noun Noun/Verb Noun/Verb Adjective/Noun Medico Medico Noun/Verb Medico Noun/Verb Medico Medico Noun Noun Noun/Verb Medico Adverb Noun Noun Medico Noun/Verb Noun Number Adjective/Noun Noun Noun Adjective/Adverb Adverb Noun Medico Medico Adjective/Adverb Medico Medico Noun Medico Noun Medico Adjective/Noun Medico Adverb Medico Adjective Adjective Medico Medico Noun Adjective/Adverb/Noun Noun Noun Noun Adjective/Adverb/Noun Noun Medico Medico Adjective Noun/Verb Medico Noun Medico Verb Adverb/Noun Medico Adverb Noun Noun Medico Medico Noun Medico Adverb Adverb/Noun Noun Noun Medico Adjective/Noun Medico Medico Medico Verb Medico Adjective/Adverb Adjective Medico Medico Medico Medico Medico Medico Adjective/Adverb Noun Medico Adjective/Noun Noun Noun Medico Medico Verb Medico Medico Medico Noun Adjective/Adverb/Noun Noun Adjective/Adverb/Noun Noun Medico Verb Medico Medico Medico Medico Noun/Verb Adverb Noun Adjective Noun Noun Medico Medico Adjective/Adverb Noun Adverb/Noun Medico Noun/Verb Medico Medico Noun Noun Medico Adjective/Noun Medico Medico Medico Noun/Verb Noun/Verb Adverb Noun Medico Noun Medico Adjective/Noun Medico Medico Noun Medico Noun/Verb Noun Noun Medico Adjective Noun Medico Medico Adjective/Adverb Medico Adverb Number Medico Number Medico Medico Adjective/Noun Noun/Verb Medico Medico Medico Noun/Verb Noun Medico Adverb Medico Noun/Verb Medico Adjective/Adverb/Noun Noun/Verb Medico Medico Medico Adjective/Adverb/Noun Noun Noun Noun Noun Medico Medico Medico Medico Adjective/Noun Medico Noun Medico Noun Medico Noun/Verb Medico Noun Medico Medico Medico Medico Noun Medico Noun/Verb Noun Noun Adjective/Adverb/Noun Number Medico Medico Adjective/Adverb/Noun/Verb Medico Noun Medico Verb Medico Noun/Verb Medico Medico Noun Adverb Noun Adjective/Adverb/Noun Medico Medico Noun/Verb Medico Noun/Verb Medico Medico Adjective Medico Adjective/Adverb Noun Adjective/Noun Noun/Verb Adverb Number Noun Medico Adjective Medico Adjective/Verb Adverb Number Adjective/Noun Medico Adjective/Adverb/Noun Noun/Verb Adjective/Noun Medico Adjective Noun Adjective Noun/Verb Medico Medico Medico Medico Adjective Medico Noun/Verb Adverb/Noun Medico Medico Medico Noun Adjective Noun Medico Noun Medico Medico Medico Noun/Verb Adjective/Noun Noun/Verb Adjective Medico Adjective Medico Medico Noun Noun Medico Medico Adjective/Adverb/Noun Medico Adverb/Noun Adverb/Noun Noun Noun Medico Noun Noun Adverb/Noun Medico Medico Adjective/Adverb/Noun Noun Noun/Verb Medico Noun/Verb Noun Medico Noun/Verb Medico Adjective/Adverb/Noun Medico Noun Medico Medico Noun/Verb Medico Noun Noun Medico Noun Adjective/Noun Adjective/Noun Adjective/Adverb/Noun/Verb Noun Noun Adverb Medico Noun/Verb Adjective Medico Noun/Verb Adverb Medico Noun/Verb Adjective/Noun/Verb Medico Noun/Verb Medico Adjective/Adverb/Noun Noun Adjective Medico Noun/Verb Noun Noun Adjective Adjective/Adverb/Noun Noun/Verb Medico Noun Medico Noun/Verb Adjective Medico Medico Noun/Verb Medico Adjective/Adverb/Noun Noun Adverb/Noun Medico Adjective Noun Adverb Medico Medico Noun Noun Adverb Medico Medico Medico Adjective/Adverb/Verb Noun/Verb Verb Medico Noun Medico Noun/Verb Noun Noun/Verb Adjective Noun Medico Adverb Medico Medico Medico Noun/Verb Medico Verb Noun/Verb Medico Adjective Noun Noun/Verb Adverb Medico Noun/Verb Medico Medico Adjective/Adverb/Noun Medico Medico Medico Medico Medico Adverb Adverb Noun Noun/Verb Medico Adverb Adjective Medico Verb Noun/Verb Medico Noun Adjective/Adverb/Noun Noun Noun Medico Noun Adjective/Adverb Adjective Noun Medico Noun/Verb Noun Noun Medico Noun Number Medico Medico Medico Medico Adjective Noun Medico Medico Noun Medico Noun Medico Adjective/Noun Medico Medico Medico Adjective/Adverb/Noun/Verb Noun/Verb Medico Adjective Adjective/Noun Noun Adjective/Adverb/Noun Medico Adjective/Adverb/Noun Adverb Adjective/Noun Noun Adjective Noun Adjective/Adverb/Noun Noun Medico Medico Verb Medico Adjective/Noun Adjective Medico Medico Adjective/Noun Adjective/Adverb/Noun Medico Noun/Verb Adjective Noun Noun Adjective/Noun Medico Adverb/Noun Noun Noun Medico Medico Medico Noun Medico Medico Medico Adjective/Adverb Adjective/Adverb Medico Noun Medico Adjective/Noun Medico Noun Medico Verb Noun/Verb Medico Adjective/Adverb/Verb Medico Medico Medico Medico Noun/Verb Adverb/Noun Adjective/Adverb Medico Medico Medico Adjective/Verb Adjective/Noun Medico Noun Adjective/Noun Noun Adjective Adjective Medico Adjective/Adverb Medico Medico Medico Medico Medico Medico Noun Medico Medico Adverb Noun/Verb Adjective Adverb Medico Medico Noun Medico Medico Adverb Medico Medico Medico Verb Medico Medico Medico Adverb Verb Medico Adjective/Adverb/Noun/Verb Noun Medico Medico Noun/Verb Noun Noun Medico Adjective Adjective Medico Medico Medico Medico Adverb Adjective Medico Medico Noun/Verb Number Number Medico Adjective Medico Adverb/Noun Adjective/Noun Medico Adverb Medico Medico Noun Medico Adverb Noun/Verb Adjective/Adverb/Noun Noun/Verb Adjective/Adverb/Noun/Verb Adjective/Adverb/Noun Medico Medico Verb Medico Noun Medico Medico Noun Medico Medico Medico Adverb Noun Medico Medico Medico Noun Medico Medico Noun/Verb Medico Adjective Noun Medico Medico Adverb/Noun Noun Adjective Adjective/Adverb Medico Medico Medico Medico Medico Medico Adjective Medico Medico Adjective Medico Medico Medico Medico Medico Noun Number Adverb Noun Medico Verb Adjective Noun Adjective/Noun Medico Noun/Verb Medico Noun Noun Noun Noun Noun Medico Adverb Adverb Adjective Noun Medico Adjective Adverb Noun Noun Adjective Noun Noun Adverb Medico Medico Adjective/Noun Noun/Verb Medico Adjective Medico Medico Noun Medico Medico Noun/Verb Noun Medico Noun Medico Adjective Adjective Medico Noun Medico Adjective Noun Noun Medico Noun Noun/Verb Medico Adverb Noun Medico Adverb Noun/Verb Medico Medico Noun/Verb Adjective Medico Medico Adjective Medico Medico Verb Medico Noun Medico Medico Noun Medico Adjective Noun Noun Medico Medico Medico Noun Medico Noun/Verb Medico Medico Medico Adjective/Noun Adjective/Adverb Medico Noun/Verb Medico Noun/Verb Medico Medico Medico Noun/Verb Adjective/Noun Medico Medico Medico Noun/Verb Adjective/Adverb Noun Adjective/Adverb/Noun Noun Medico Noun/Verb Medico Medico Adjective Adjective/Adverb/Noun Medico Medico Medico Medico Adverb Medico Medico Medico Medico Medico Medico Medico Medico Adverb Adjective/Noun Medico Medico Medico Adverb Adjective/Noun Medico Medico Noun/Verb Adverb Medico Medico Adjective/Adverb/Noun Medico Noun Noun Medico Noun/Verb Medico Adjective Medico Noun/Verb Medico Medico Medico Adjective Adjective/Adverb/Noun/Verb Medico Adjective/Adverb/Noun Noun Noun Medico Adverb/Noun Medico Medico Medico Medico Noun/Verb Noun Adjective Noun/Verb Adverb Adjective/Adverb/Verb Noun/Verb Medico Noun/Verb Medico Medico Medico Medico Adverb Noun/Verb Medico Adjective Medico Medico Medico Medico Medico Adjective/Adverb/Noun Noun Medico Adjective Adjective Noun Adjective/Adverb/Noun/Verb Noun Adjective Medico Medico Noun Medico Medico Noun/Verb Medico Adverb Medico Noun Medico Adverb Adjective/Noun/Verb Noun Adjective/Noun Adverb Noun Adjective Medico Medico Noun Medico Noun Adjective/Adverb/Noun Medico Noun Adverb Adjective Noun Noun Medico Adverb Medico Adverb Adjective Noun/Verb Noun Medico Medico Medico Medico Medico Adverb/Noun Medico Noun Medico Noun Medico Medico Noun Adjective Noun/Verb Noun/Verb Medico Medico Medico Medico Noun/Verb Noun Medico Medico Medico Medico Medico Adjective Medico Medico Noun Medico Medico Noun/Verb Medico Medico Noun/Verb Noun Number Noun Medico Adjective Adjective/Adverb Medico Noun Medico Noun/Verb Noun Medico Adjective Medico Noun/Verb Noun Adjective/Adverb/Noun Medico Noun/Verb Noun Adjective/Adverb Noun Noun Medico Adverb Noun/Verb Adjective/Adverb/Noun Medico Medico Verb Medico Noun/Verb Medico Medico Noun/Verb Adjective/Adverb Medico Noun Medico Noun Medico Noun Number Adjective/Adverb Adverb Medico Medico Adjective/Adverb/Noun Medico Medico Noun Noun Medico Adjective Adjective/Adverb/Noun Adverb Noun Medico Noun Adjective/Noun Medico Medico Medico Adverb Verb Medico Noun Medico Noun/Verb Medico Medico Adjective/Noun/Verb Noun/Verb Medico Medico Medico Medico Noun Medico Noun Medico Adjective Adjective/Adverb/Noun Medico Noun Medico Noun Adjective/Noun Noun/Verb Adjective Adjective/Adverb/Noun/Verb Medico Noun Number Medico Medico Adjective/Adverb/Noun Noun Noun Noun Noun Adjective/Noun Noun Adjective/Adverb/Noun Medico Noun/Verb Medico Noun Medico Adjective/Noun Adverb Medico Medico Medico Medico Adjective/Adverb/Noun Noun Adverb/Noun Noun Noun/Verb Adjective Noun Noun Medico Adjective Medico Noun Medico Adjective/Noun/Verb Adjective/Adverb Medico Medico Medico Noun Noun Noun Adverb Medico Adjective Medico Medico Medico Medico Noun Medico Medico Medico Adjective/Adverb Medico Noun Noun Noun Noun Adjective Noun Medico Noun Noun Noun Medico Medico Adjective Adjective/Adverb/Noun/Verb Medico Adjective Noun Noun Medico Medico Medico Medico Medico Noun Medico Noun Medico Medico Noun Medico Adverb Adjective/Noun/Verb Noun Medico Adverb Noun/Verb Medico Noun Noun Medico Verb Medico Noun Adjective/Adverb Medico Noun Adjective Medico Noun Noun Medico Adjective/Adverb Medico Verb Medico Medico Adverb Noun/Verb Medico Adjective/Noun Noun Adjective/Adverb/Noun/Verb Adverb Medico Noun/Verb Medico Medico Noun/Verb Adverb Medico Medico Verb Medico Adjective/Noun Noun Medico Noun Medico Noun/Verb Medico Medico Medico Medico Medico Medico Medico Medico Medico Adjective Medico Noun/Verb Medico Adverb Medico Noun Adjective Adjective Medico Noun Medico Medico Adjective Noun Noun Medico Noun/Verb Medico Medico Adjective/Noun Noun/Verb Medico Noun Medico Noun Adjective/Adverb/Noun Medico Noun/Verb Noun Medico Medico Noun Medico Noun Medico Verb Medico Medico Noun Adjective Adjective/Adverb/Noun Adjective/Adverb Adjective Noun Medico Medico Medico Noun Adjective Medico Medico Noun Medico Noun Medico Adverb Adjective Medico Adjective Medico Medico Noun Noun Medico Adjective/Noun Medico Adjective/Adverb/Noun/Verb Adverb/Noun Noun Adjective/Noun Adjective/Noun Noun Adjective Adjective Adjective/Adverb/Noun Medico Noun Medico Noun Medico Adjective/Adverb Noun Medico Noun Medico Adjective/Adverb/Noun Adjective/Adverb/Noun Adjective/Noun Medico Noun/Verb Adjective/Adverb/Noun Medico Medico Medico Medico Adverb Verb Adverb Medico Medico Adjective/Adverb/Noun/Verb Adjective Medico Medico Noun/Verb Noun Medico Noun Adjective/Adverb/Noun Medico Noun/Verb Adjective/Adverb Medico Noun Medico Adjective Noun Medico Medico Medico Adjective/Adverb Medico Adjective Medico Medico Adverb Noun/Verb Adjective/Noun Noun Medico Adjective Noun Medico Medico Medico Medico Noun Adjective Noun Noun Noun Noun/Verb Noun Medico Medico Noun/Verb Adjective Medico Noun Medico Adjective Adverb/Noun Noun Medico Adverb Noun Adjective/Adverb Noun/Verb Noun Medico Noun/Verb Medico Medico Number Noun Adjective/Noun Noun Medico Adverb Medico Medico Medico Noun Medico Noun Medico Medico Adjective Noun Adverb/Noun Medico Medico Noun Noun/Verb Noun Medico Adjective Medico Noun Medico Noun/Verb Adjective Medico Adjective/Verb Adjective Noun/Verb Adverb/Noun Noun Noun Medico Noun Adjective/Adverb/Noun Medico Noun Number Noun Adjective/Adverb Adjective Noun Adjective/Adverb/Noun Medico Adjective/Adverb/Noun Medico Medico Noun Medico Medico Medico Noun Noun Adjective/Adverb/Noun Noun Noun/Verb Medico Adjective Medico Medico Medico Medico Adjective Medico Medico Noun Noun/Verb Noun Medico Adjective/Noun Medico Noun/Verb Medico Verb Medico Adjective/Adverb Medico Noun Medico Noun Medico Medico Medico Noun Noun/Verb Noun Medico Medico Medico Medico Noun/Verb Noun Noun Noun Noun Medico Noun Adjective/Adverb/Noun Adjective/Noun Medico Adjective Noun Medico Medico Noun/Verb Adjective/Adverb/Noun Adverb/Noun Adjective/Adverb/Noun/Verb Medico Medico Adjective Medico Medico Medico Noun/Verb Medico Noun/Verb Adjective/Adverb/Noun/Verb Medico Noun Medico Noun/Verb Medico Noun Adverb/Noun Noun Noun/Verb Medico Verb Noun/Verb Medico Adverb/Noun Adjective/Adverb Adverb Medico Medico Adverb Noun/Verb Medico Medico Noun Noun/Verb Noun Medico Adverb Noun Noun Adverb Medico Noun Medico Medico Adjective/Noun/Verb Adjective/Adverb Noun Adverb Adjective Noun Noun/Verb Medico Noun Noun Medico Adjective/Noun Noun Noun Medico Noun/Verb Medico Medico Adjective/Adverb/Verb Adjective Noun/Verb Noun Medico Medico Adjective/Adverb Medico Adverb Medico Medico Noun/Verb Medico Noun/Verb Number Noun Medico Adjective/Noun Noun Adjective/Adverb/Noun Medico Medico Medico Noun Noun/Verb Medico Medico Medico Noun Medico Noun Noun Adjective/Adverb/Noun Adverb/Noun Adjective/Adverb/Noun Medico Noun Medico Medico Adjective Noun Medico Adverb Medico Medico Adjective/Verb Noun Medico Noun Adverb Noun Medico Noun Adjective/Adverb Noun Medico Medico Medico Medico Noun/Verb Medico Number Noun Medico Medico Adjective/Adverb Medico Medico Medico Medico Medico Medico Medico Adverb Medico Noun Medico Noun Medico Medico Noun Noun Medico Medico Medico Medico Noun Noun Medico Adjective Medico Medico Medico Medico Medico Medico Medico Adjective Medico Noun/Verb Medico Medico Medico Noun/Verb Adverb Adjective/Adverb/Noun Adjective/Noun Noun Medico Noun Medico Medico Medico Medico Medico Noun/Verb Noun Medico Noun Medico Adjective/Adverb Medico Noun/Verb Medico Noun Medico Medico Adjective/Adverb Noun/Verb Noun Adverb Adjective/Noun Noun Adjective/Noun Noun Noun Noun Medico Noun/Verb Medico Adjective Noun Medico Adjective Adverb Adjective Medico Medico Medico Medico Medico Noun/Verb Medico Noun Medico Noun Medico Medico Noun Medico Medico Medico Medico Adjective Noun Medico Medico Medico Noun Medico Medico Adjective Medico Verb Medico Medico Medico Medico Adjective Noun Adjective/Adverb/Noun Noun Medico Medico Adjective Medico Adverb Noun/Verb Adjective/Adverb Medico Noun Adjective/Adverb Adjective/Noun Medico Verb Medico Medico Medico Adverb/Noun Adverb Medico Adverb/Noun Noun Adjective Noun Medico Noun Medico Adverb Adverb Verb Medico Medico Medico Medico Medico Adjective Medico Medico Adverb Noun/Verb Adjective Adverb Medico Medico Noun Adverb Medico Medico Adjective/Adverb/Noun/Verb Adjective/Noun Noun Noun Medico Medico Medico Adjective Medico Noun Noun/Verb Medico Adjective Noun/Verb Adjective Medico Noun/Verb Medico Adjective Adjective Noun Adverb/Noun Medico Noun Adjective/Noun Noun/Verb Medico Noun/Verb Medico Noun Adjective/Noun/Verb Medico Noun Noun Adjective Medico Noun Adjective/Adverb/Noun Medico Noun/Verb Medico Medico Medico Verb Medico Noun Adverb/Noun Noun Noun Adjective/Adverb/Noun Noun Adjective/Adverb Adjective Noun Medico Verb Medico Noun/Verb Adverb/Noun Medico Noun Noun Medico Adjective/Adverb Noun/Verb Noun Medico Noun/Verb Noun/Verb Medico Noun/Verb Medico Noun Medico Adjective/Adverb Noun Noun Adjective Medico Noun/Verb Adjective/Adverb/Verb Medico Noun Medico Noun Noun Adverb/Noun Noun Adjective Noun Adverb Noun Medico Adjective/Adverb Medico Noun/Verb Adjective/Adverb/Verb Medico Noun Medico Medico Adverb/Noun Noun Adverb Adjective Noun/Verb Adjective/Adverb/Verb Adjective/Noun Medico Noun Noun/Verb Adverb Medico Medico Adverb Adverb/Noun Adverb Adverb/Noun Noun Adjective/Adverb/Noun Medico Noun Adjective Medico Noun Medico Noun/Verb Medico Noun Medico Noun Adjective Medico Noun Medico Noun/Verb Medico Noun Medico Medico Noun Adjective Medico Noun Medico Verb Medico Medico Medico Adjective Noun Medico Medico Noun Adjective Adjective/Noun Noun Noun Noun Medico Medico Noun/Verb Medico Adjective Noun Medico Medico Adjective/Adverb Adjective/Adverb Adverb Medico Medico Medico Medico Medico Adjective Noun Noun Medico Medico Medico Adjective/Noun Adjective Adjective/Noun Medico Adjective Medico Noun Medico Noun Medico Medico Adjective Medico Medico Medico Medico Medico Noun/Verb Medico Adverb Adjective Medico Adjective Medico Medico Medico Adverb Medico Adjective Medico Noun Adverb/Noun Medico Verb Medico Medico Noun Adjective Medico Medico Noun Medico Adjective/Noun Medico Adjective
PMC5804616,PMC5804616_01,Adjective Noun/Verb Noun Medico Adjective Noun/Verb Medico Adjective Medico Noun Number Noun Adjective/Noun Noun/Verb Medico Medico Medico Noun Medico Medico Noun Medico Noun Medico Adjective Noun Medico Adjective/Noun Medico Medico Medico Adjective Noun Medico Adjective/Adverb/Noun Adjective/Noun Noun Noun Adjective Noun Medico Adjective/Adverb/Noun Medico Noun Medico Medico Medico Noun/Verb Noun Medico Adjective Medico Medico Medico Medico Noun Medico Medico Medico Medico Noun Medico Adjective Noun Medico Adjective/Noun Medico Noun Adjective/Adverb/Noun Noun Medico Noun Noun Medico Noun Noun Medico Adjective Noun Adjective Adjective Noun/Verb Noun/Verb Noun Medico Noun Adjective/Noun Noun Noun Medico Medico ExamResult Adjective/Noun Noun Noun Noun Medico Medico ExamResult Medico Noun Medico Number Number Adjective Medico Noun Medico Adjective/Noun Medico Medico Medico Medico Medico Number Medico ExamResult Adjective Adjective/Adverb/Noun Medico Adjective Adverb/Noun/Verb Medico Medico Adjective/Adverb/Noun Adjective/Noun Noun Medico Adverb Adjective Adjective Noun Adjective/Adverb/Noun Medico Adjective/Adverb/Noun Adjective Noun Noun Number Adjective/Adverb/Noun Medico Medico Adjective Adjective/Adverb/Noun Medico Medico Adjective/Adverb Medico Adjective/Noun Medico Medico Adjective Noun/Verb Noun Adjective/Noun Noun Medico Medico Noun Medico Adjective/Noun Medico Adjective/Noun Adjective Medico Medico Adjective/Adverb/Noun Adjective Medico Medico Adjective Medico Adjective Medico Adjective/Verb Noun Medico Medico Medico Medico Noun Medico Adjective Adverb/Noun/Verb Medico Medico Adjective/Adverb/Noun Adjective/Noun Noun Noun Medico Adjective/Adverb Adverb Medico ExamResult Medico Medico Adjective Noun Medico Medico Adverb Adjective/Adverb Adjective Noun Noun Noun Adjective/Adverb/Verb Adjective/Noun/Verb Noun/Verb Medico Noun Adjective/Adverb/Noun/Verb Noun/Verb ExamResult Adjective Noun ExamResult Noun Medico Noun Noun/Verb Medico Noun Noun Medico ExamResult Medico Noun/Verb Medico Medico Adjective Noun/Verb Medico Adjective Medico Noun/Verb Adjective/Adverb/Noun Medico Noun Adjective/Adverb Medico Adjective/Noun Noun Noun Medico Medico Noun/Verb Medico Adjective Adverb/Noun Noun Noun Noun Adverb Adjective Medico Noun/Verb Medico Medico Adjective/Adverb/Noun/Verb Adjective/Noun Noun Adjective/Adverb/Noun Noun/Verb Adjective Noun Medico Medico Medico Adjective Noun Medico Adjective Noun Adverb Medico Adjective/Noun Noun Noun Adjective/Adverb/Noun Medico Noun/Verb Medico Medico Medico Medico Adjective/Adverb/Verb Noun/Verb Medico Medico Noun/Verb Adverb Medico Medico Medico Noun/Verb Medico Adverb/Noun Medico Adjective Adverb Medico Noun/Verb Medico Noun/Verb Noun Adjective/Adverb/Noun/Verb Noun Noun/Verb Medico Medico Adjective/Adverb/Noun/Verb Adjective/Noun Noun Adverb/Noun Noun Adjective/Adverb/Noun Noun/Verb Noun Adverb Adjective/Adverb Medico Noun Noun/Verb Medico Adjective Medico Medico Noun/Verb Adverb Medico Medico Noun Noun/Verb Adjective/Adverb Adjective Adjective/Adverb Noun Medico Adverb Medico Noun Adjective/Noun/Verb Noun Medico Noun Adjective/Adverb Noun/Verb Adjective/Adverb/Noun Noun/Verb Medico Adjective Medico Adjective/Noun Noun Noun Adverb/Noun Medico Adjective/Adverb/Noun Noun Adjective/Noun/Verb Noun Medico Noun/Verb Medico Adverb Medico Medico Adjective Adverb/Noun/Verb Medico Medico Adjective/Adverb/Noun Adjective/Noun Noun Adverb Medico Medico Medico Adjective Medico Medico Adjective/Noun/Verb Medico Verb Noun Medico Adjective Medico Noun Medico Adjective/Adverb/Noun Noun/Verb Medico Adjective Adjective Noun Adverb/Noun Adjective/Noun Medico Medico Noun Medico Adjective/Adverb Adjective Noun Noun Medico Adjective Medico Number Medico Medico Adjective Medico Number Number Number Medico Adjective Noun Medico Adjective Medico Medico Adjective Medico Number Medico Medico Noun/Verb Noun/Verb Adjective Noun Medico Adjective Noun/Verb Medico Adverb Number ExamResult Medico Number Number Medico Medico Adjective/Noun Adverb Noun Adverb Adverb Medico Adjective/Noun Noun Medico Adjective ExamResult Medico Number Noun Medico Medico Medico Medico Adverb Adjective Noun Medico Number Number Medico Noun Noun Noun/Verb Medico Number ExamResult Noun Medico Verb Adjective/Noun Noun/Verb Noun Adjective Noun/Verb Noun/Verb Noun Medico Noun Medico Medico ExamResult Noun Medico Medico ExamResult Medico Noun Noun Medico Number Number Medico Noun Adjective Noun/Verb Medico Noun Medico Medico Number Number Medico Noun Medico Medico Number Number Adjective Adjective Noun Noun Medico Medico Adjective Adjective/Adverb/Noun Number Medico Medico Adjective/Noun Adverb/Noun/Verb Medico Medico Adjective Noun Adverb Number Noun Medico Medico Noun Medico Adverb Medico Medico Number Medico Number Medico Noun Medico Medico Number Number Medico Adjective Medico Noun Noun Medico Medico Noun Noun Noun Adjective Noun Adjective/Adverb Medico Medico Medico Medico Adjective/Adverb Adjective/Adverb Noun/Verb Medico Medico Adjective Noun Medico Noun Medico Noun Medico Medico Noun Medico Medico Adjective/Adverb/Noun Adjective/Noun Noun Medico Noun Medico Noun Medico Medico Medico Medico Medico Adjective Medico Number Number Medico Noun/Verb Noun/Verb Adjective/Noun/Verb Medico Adjective Medico Number Medico Adverb Noun Adjective/Adverb Adjective Adverb Medico Adjective Noun/Verb Noun/Verb Noun Medico Noun Medico Medico ExamResult Medico Noun Medico Medico Number Number Adjective/Adverb Medico Noun Medico Noun Noun Adjective/Noun Noun/Verb Medico Adjective/Adverb/Noun/Verb Noun Noun Number Adjective/Adverb Noun Noun Noun Noun/Verb Medico Medico Adjective/Adverb/Noun/Verb Noun Medico Medico Medico Adjective/Adverb/Noun Medico Medico Medico Medico Noun Number Medico Noun Medico Medico Number Number Medico Adjective/Noun Medico Medico Adverb Adjective/Adverb/Noun Medico Adjective Noun/Verb Medico Adjective Adverb/Noun/Verb Medico Adverb Adjective Verb Medico ExamResult Medico Adjective Noun Adjective/Adverb/Noun Medico Adjective/Adverb/Noun Adjective Noun Medico Medico Adjective/Adverb Adjective Noun Noun/Verb Number Medico Noun Noun/Verb Adjective/Adverb/Noun Medico Adjective/Adverb/Noun/Verb Adjective Noun Medico Adjective Adjective/Adverb Noun/Verb Number Medico Medico Adjective/Noun Medico Adjective Medico Noun Adjective/Adverb Noun/Verb Number Medico Noun Noun/Verb Medico Noun Medico Adjective/Noun/Verb Medico Adjective/Noun Noun Medico Noun Medico Adjective Noun Medico Medico Adjective Noun Adjective Medico Medico Adjective Noun/Verb Medico Adverb Adjective/Adverb/Noun/Verb Verb Medico Medico Adjective Medico Adjective/Adverb/Noun Medico Medico Noun Medico Noun/Verb Medico Medico Adjective/Adverb/Noun/Verb Noun Noun Noun/Verb Medico Medico Adverb Medico Adjective Noun Noun Medico Adjective/Adverb/Noun Adjective Noun Medico Adjective/Adverb/Noun Medico Medico Adjective Adjective/Adverb Adjective Medico Noun Adjective Noun Medico Adjective Adjective Medico Noun/Verb Medico Medico Verb Medico Medico Medico Medico Adjective/Adverb/Noun Noun/Verb Noun/Verb Medico Verb Noun Adjective Noun Medico Medico Medico Adjective Noun Adjective/Adverb/Noun Noun Noun/Verb Medico Medico Medico Adjective Adjective Noun Noun Verb Medico Adjective/Adverb Medico Noun/Verb Medico Adjective/Noun/Verb Medico Medico Medico Adverb Medico Adjective/Noun Medico Adjective Medico Medico Noun Medico Noun Noun/Verb Adjective/Noun Medico Noun Adjective Noun Medico Adjective Noun/Verb Adverb Medico Noun Medico Noun Medico Noun Noun/Verb Noun/Verb Noun/Verb Adverb Noun/Verb Medico Noun Adjective/Adverb/Noun Noun Adjective/Noun Medico Noun Adjective/Noun Noun Noun Medico Noun Adjective/Noun Noun Noun Medico Noun Adjective/Adverb/Noun Adjective Noun/Verb Adjective/Noun Noun Medico Adjective/Adverb Noun Medico Adjective/Noun Adjective Medico Noun Adjective/Adverb/Noun Noun Adjective/Noun/Verb Noun Noun Noun/Verb Adjective Noun Medico Adjective Medico Noun Medico Noun/Verb Adverb Noun/Verb Adjective Medico Verb Noun Adjective/Adverb/Noun Medico Medico Noun Noun Adverb Medico Adjective Medico Adjective/Noun Medico Adjective/Adverb/Noun Medico Noun/Verb Medico Medico Adjective Noun Medico Adjective Noun Medico Medico Medico Medico Medico Adjective/Adverb/Noun/Verb Medico Medico Medico Noun Medico Adverb Noun/Verb Adjective Adverb/Noun Medico Adjective Adverb Medico Noun/Verb Medico Noun/Verb Noun Adjective/Adverb/Noun/Verb Noun Noun/Verb Medico Medico Adjective/Adverb/Noun/Verb Adjective/Noun Noun Adverb/Noun Noun Adjective/Adverb/Noun Noun/Verb Noun Adverb Adjective/Adverb Medico Noun Noun/Verb Medico Adjective Medico Medico Noun/Verb Adverb Medico Medico Noun Noun/Verb Adjective/Adverb Adjective Adjective/Adverb Noun Medico Medico Noun Medico Medico Adjective Adjective/Adverb/Noun Medico Adjective Adverb/Noun/Verb Medico Medico Adjective/Adverb/Noun Adjective/Noun Noun Adjective/Adverb/Noun Medico Medico Noun Medico Noun Noun/Verb Noun Noun Noun Adjective/Adverb/Noun/Verb Medico Adjective/Adverb/Noun/Verb Noun Noun/Verb Medico Adjective Noun Medico Adjective/Noun Medico Medico Medico Medico Adjective Noun Noun Adjective/Adverb/Noun Medico Medico Medico Medico Medico Adjective/Noun/Verb Noun Adjective/Adverb/Noun Medico Adjective/Noun/Verb Noun/Verb Adjective Noun Medico Noun/Verb Noun/Verb Medico Adjective/Adverb/Noun/Verb Adjective Medico Medico Adjective/Adverb/Noun Number Noun Medico Adjective Noun Medico Verb Medico Adjective/Adverb/Noun/Verb Noun Medico Medico Medico Adjective Noun Medico Medico Adverb Medico Medico Number Medico Number Medico Noun/Verb Medico Medico Adjective/Adverb/Noun/Verb Noun Noun Noun/Verb Medico Medico Medico Medico Noun Medico Noun Adjective/Adverb/Noun Medico Adjective Noun Noun Medico Noun Noun Noun/Verb Medico Adjective/Adverb Adjective Medico Medico Medico Medico Medico Adjective Medico Medico Adjective/Noun Medico Medico Medico Medico Adjective Medico Medico Noun/Verb Medico Medico Noun Adjective Noun Noun Noun/Verb Adjective Adjective/Adverb/Noun Noun Adjective/Noun Medico Medico Medico Medico Noun Noun/Verb Noun Adjective Noun/Verb Medico Adjective Noun Adjective/Adverb/Noun Medico Noun Medico Noun Medico Medico Adjective Noun Medico Noun Medico Medico Adjective/Verb Medico Adjective Medico Noun Medico Medico Adjective/Adverb/Noun Medico Noun/Verb Medico Adjective Noun/Verb Noun Noun/Verb Adverb Medico Adjective Medico Verb Medico Medico Adjective Noun Medico Adjective Noun Adjective Medico Medico Noun Medico Adjective/Adverb/Noun/Verb Medico Medico Adjective Noun Adverb Medico Adjective/Noun/Verb Noun/Verb Medico Noun Noun Medico Adjective Number Medico Medico Adjective Noun/Verb Noun Medico Adjective Noun Medico Medico Adjective/Adverb/Noun Adjective/Adverb Adjective/Noun Noun/Verb Number Number Adjective/Noun Noun Medico Medico Medico Noun Medico Noun Medico Noun Adjective/Noun Medico Adjective/Noun Noun Adjective/Noun Medico Noun Medico Noun Noun/Verb Verb Medico Adverb Medico Noun/Verb Adjective Noun Noun Noun/Verb Adjective Medico Noun/Verb Adjective Medico Medico Adverb/Noun Adverb Adverb/Noun Adjective Adjective/Adverb Adjective/Noun Adjective Medico Adjective Medico Adjective Medico Medico Medico Noun Medico Adjective Noun Noun/Verb Medico Noun/Verb Adjective Noun Medico Medico Adjective/Adverb Noun Medico Noun Noun Noun/Verb Adjective Medico Medico Medico Adverb Adjective Noun Noun Medico Adjective/Adverb/Noun/Verb Medico Medico Adjective Noun Medico Verb Medico Adjective/Noun Noun Noun Adverb Medico Adjective Noun Medico Noun/Verb Noun Adjective/Adverb/Noun Medico Medico Adjective Noun Medico Noun Adjective/Adverb Adjective Noun/Verb Noun
PMC3897989,PMC3897989_01,Noun Number Noun Adjective/Noun Adjective/Noun Medico Medico Medico Medico Noun Adjective Medico Noun/Verb Noun Adjective Adjective/Adverb/Noun/Verb Adjective/Noun Adjective/Noun Noun/Verb Medico Adjective/Noun Noun Adjective/Adverb/Noun Adjective/Noun Noun Medico Adjective Noun Medico Medico Adjective/Noun Medico Adjective/Adverb Adjective Noun Noun Medico Medico Noun Noun Medico Adjective/Noun/Verb Adjective Noun Medico Adjective Noun Medico Noun/Verb Adjective Adjective/Noun Adjective/Noun Noun Medico Adjective/Noun Noun Adjective/Noun/Verb Medico Noun/Verb Noun Medico Noun Noun/Verb Noun Noun Noun Medico Medico Medico Noun Medico Medico Noun Noun Noun Medico Noun Medico Adjective Noun Noun Noun Medico Noun Medico Adjective/Noun/Verb Noun Medico Medico Adjective/Adverb/Verb Noun Medico Medico Adjective/Noun Medico ExamResult Number ExamResult ExamResult Number ExamResult ExamResult Number ExamResult ExamResult Number ExamResult Number Medico Adjective/Noun Number Number Number Medico Adjective/Noun Medico Number Number Medico Adjective/Noun Number Number Number Medico Adjective/Noun Adverb Noun Noun Medico Noun Medico Number ExamResult Noun Number ExamResult Noun Medico ExamResult Noun Number ExamResult Noun Adverb Medico Noun Medico Medico Noun Noun Medico Number Number Noun Medico Medico Medico Medico Medico Medico Adjective/Noun Medico Adjective/Noun Medico Medico Noun Medico Adjective/Noun Medico Noun Medico Adjective/Noun Noun Noun Adjective/Noun Noun Medico Medico Adjective Medico Medico Adjective/Adverb Adjective/Noun/Verb Adjective Medico Noun Noun Medico Adjective Noun Noun/Verb Noun Medico Adjective Noun Medico Medico Noun Medico Adverb Noun Medico Adjective/Adverb/Noun/Verb Noun Noun/Verb Medico Adjective Medico Noun/Verb Number Adjective Medico Adjective Adjective Noun Medico Medico Medico Adjective/Adverb/Noun Adjective/Noun Noun Noun Adjective Adjective/Noun Medico Medico Noun Noun/Verb Medico Noun/Verb Medico Medico Adjective/Adverb/Noun/Verb Noun Adjective Adjective/Verb Medico Medico Medico Medico Medico Adjective/Noun Adjective Noun Medico Noun Medico Noun Adjective/Adverb/Noun Adjective/Noun/Verb Medico Noun Medico Adjective Noun/Verb Medico Noun Medico Medico Medico Noun Medico Medico Medico Number Number Noun Noun Number Number Noun Noun Medico Medico Adjective Medico Number Adjective/Noun Noun Number Number Adjective/Noun Noun Adverb Medico Medico Medico Medico Adjective Adjective/Noun/Verb Medico Adjective/Noun Adjective/Adverb Noun Medico Adjective Noun/Verb Medico Adjective/Noun Medico Medico Medico Noun Medico Noun Medico Adjective Medico Medico ExamResult Medico Number Noun Medico Medico Adjective Adjective/Adverb Medico Adjective Noun/Verb Medico Noun Medico Medico Noun Medico Noun Noun Medico Medico Medico Medico Medico Noun Medico Medico Medico Adjective/Noun Medico Adverb Medico Medico Medico Medico Medico ExamResult Adjective/Noun Noun Medico Noun Medico Medico Adverb Adjective/Adverb Medico Noun Medico Adverb Adjective Medico Adjective/Noun Noun Adjective/Noun Noun/Verb Noun/Verb Number Medico Medico Adjective/Noun Medico Adverb Adjective Medico Adjective/Noun Medico Medico Medico Adjective/Noun Medico Medico Medico Medico Medico Adjective Medico Adjective Adjective/Adverb/Noun/Verb Medico Noun/Verb ExamResult Adjective/Noun Number Number ExamResult Adjective/Noun Noun Adjective Adjective Noun Medico Medico Medico Medico Noun Medico Adjective Medico Noun Medico Noun Medico Noun Noun Medico Adjective Medico Medico Medico Noun/Verb Adverb/Noun Adjective/Adverb/Noun Adverb/Noun Number Medico Adjective/Adverb/Noun Noun/Verb Noun/Verb Medico Noun/Verb Number Noun Medico Adjective Noun Medico Adjective/Noun Adverb/Noun Medico Noun Medico Noun/Verb Adjective/Noun Medico Medico Adjective Adjective/Adverb/Noun Noun Medico Medico Adjective Medico Noun Noun Medico Adjective Medico Medico ExamResult Medico Noun Medico Medico Adverb Noun Noun Noun Noun Medico Medico Medico Adjective/Adverb Adverb Noun Noun Medico ExamResult ExamResult Number Number Medico Adjective/Noun Medico Number Number Medico Adjective/Noun Adverb Medico Adjective/Noun Noun Adjective/Adverb Medico ExamResult ExamResult ExamResult Number Number Medico Adjective/Noun Medico Number Number Medico Adjective/Noun Adverb Adjective/Adverb/Noun Medico Medico Adjective/Adverb/Noun/Verb Medico Noun Noun Medico Adjective/Noun Medico ExamResult Adjective/Adverb/Noun Adverb Medico Noun Adjective/Noun Medico Medico Noun Medico Adjective/Adverb/Verb Adverb/Noun Medico Adjective Medico Noun/Verb Medico ExamResult Adjective/Adverb/Noun Medico Noun Medico ExamResult Adjective/Adverb/Noun Medico Noun Medico Adjective/Adverb/Noun Medico Noun Noun Adjective Noun Noun/Verb Noun Medico Adjective Noun Medico Medico Noun Number Noun Adjective/Adverb Noun Medico Noun Medico Noun Medico Adjective/Adverb/Noun/Verb Medico Medico Adjective/Noun Noun/Verb Medico Noun Medico Medico Noun Noun Noun Medico Medico Medico Medico ExamResult ExamResult Number Number Medico Adjective/Noun Medico Number Number Medico Adjective/Noun Adverb Medico Adjective/Noun Medico Adjective Medico Medico Adjective/Adverb/Verb Noun Medico Noun Medico Medico Adjective Adjective/Adverb/Verb Adjective/Adverb/Noun Adverb ExamResult Medico Adjective Adverb/Noun/Verb Medico Adjective Adjective/Adverb/Noun Noun/Verb Number Adjective/Adverb Number Noun Adjective/Adverb Noun/Verb Medico Adjective/Noun Adjective Adjective/Noun Medico Adjective/Adverb Medico Adjective/Adverb/Noun/Verb Noun Medico Noun Adjective/Noun/Verb Noun/Verb Adjective Medico Noun Medico Medico Medico Adjective/Noun Medico Medico Medico Noun Noun Medico Adjective Medico Noun ExamResult Adverb Noun Noun Medico Number Noun Adverb Medico Medico Adjective/Noun Noun Noun Adjective/Noun Noun/Verb Adjective/Adverb Medico Adjective/Noun Medico Adjective/Adverb/Noun Medico Adjective/Adverb/Noun/Verb Noun Noun Noun Medico Adjective/Noun Adjective Medico Medico Noun Noun Adjective Noun Noun Medico Noun Noun Medico Adjective Noun Adverb Medico Medico Medico Adjective/Noun Medico Medico Medico Adjective Noun Medico Medico Adjective Adverb Medico Medico Noun/Verb Number Adjective/Noun Medico Adjective Noun Medico Medico Adjective/Noun Noun Medico Medico Adverb Noun Noun Medico Verb Medico Adjective/Noun Noun/Verb Medico Adjective/Noun Noun/Verb Medico Adjective Medico Medico Medico Adjective/Noun Medico Adjective/Noun Medico Medico Adjective Adjective/Noun Noun Verb Adjective/Adverb/Verb Noun
PMC2817501,PMC2817501_01,Noun Number Noun Adjective/Noun Noun/Verb Medico Medico Medico Noun Medico Medico Noun Medico Noun Noun Medico Medico Adjective Noun Noun Medico Noun Noun Number Adjective/Noun/Verb Medico Noun/Verb Adjective Noun Noun Adjective/Adverb/Noun Number Medico Medico Noun Medico Medico Noun Adjective/Noun Noun Adjective/Adverb Medico Adjective Noun Medico Adjective/Adverb/Noun Medico Medico Noun/Verb Noun/Verb Number ExamResult Noun Noun/Verb Number Noun Noun Medico Adjective/Noun Adjective Noun Medico Noun Number Number Adjective Noun/Verb Medico Medico Medico Adjective Noun Medico Adjective/Noun/Verb Medico Medico Medico Medico Noun Medico Noun Adjective/Noun Noun Noun Medico Noun/Verb Adjective Noun Medico ExamResult Noun Medico Adjective/Noun Adjective Noun Noun Medico Noun/Verb Medico Noun Medico ExamResult Medico Noun Noun Number Number Medico Medico Number Number Noun Adjective Noun Medico Noun Adjective/Adverb/Noun Adjective Noun Noun/Verb Medico Number Medico Noun/Verb Adjective Noun Noun/Verb Medico ExamResult Adverb Adverb/Noun Medico Noun Medico Noun Adjective/Adverb/Noun Medico Adjective Adjective Noun/Verb Adjective/Noun Noun Medico Noun Number Noun Noun Adjective Noun/Verb Medico Noun Medico Adjective/Adverb/Noun/Verb Adjective/Noun Medico Noun/Verb Noun Noun/Verb Number Medico Adjective/Noun Medico Noun Medico Medico Adjective/Adverb/Noun/Verb Noun Noun Medico Adjective/Noun Noun Adjective/Noun Noun Noun/Verb Noun Adjective/Adverb Noun Adjective/Noun Medico Adverb Medico Noun/Verb Medico Adjective Noun/Verb Noun Adjective Noun Adjective Noun Medico Medico Medico Noun Noun Medico Noun/Verb Adjective Noun Noun/Verb Medico Noun Medico Adjective Adjective/Adverb/Noun Medico Medico Noun Adjective/Verb Noun/Verb Adjective/Noun/Verb Noun/Verb Number Noun Medico Medico Adjective Noun Medico Medico Medico Noun Medico Noun Medico Noun Adjective/Noun ExamResult Medico Noun Medico Medico Adjective Medico Medico Medico Adjective Medico Noun Medico Medico Verb Medico Medico Noun Adjective/Adverb/Noun Medico Adjective Noun/Verb Adjective/Adverb Medico Medico Noun/Verb Medico Medico Noun Adjective Medico Adjective/Adverb/Noun Medico Adjective Medico Medico Medico Adjective Medico Medico Noun Noun Medico Noun/Verb Noun Medico Medico Medico Medico Noun Adjective/Noun ExamResult Medico Noun Noun Medico Verb Noun Adjective/Adverb/Noun/Verb Adjective Noun Medico Noun Noun/Verb Noun Noun Adjective/Adverb/Noun Medico Verb Adjective/Adverb/Verb Noun Medico Adjective Adverb/Noun/Verb Medico Adjective Noun Adverb Noun/Verb Adjective Medico Medico Adjective Medico Medico Adjective/Noun Adverb
PMC11131390,PMC11131390_01,Noun Adjective Adjective/Noun Adjective/Noun Number Noun Medico Noun/Verb Medico Noun Adjective/Adverb/Noun Noun Medico Adjective/Adverb/Noun Noun Number Medico Noun Noun Medico Noun/Verb Noun Noun Adjective/Adverb/Noun Noun Noun Medico Adjective Adjective/Noun Noun/Verb Medico Adjective/Noun Adjective Adjective Noun Noun Number Number Medico Adjective/Noun Adjective/Noun Number Number Number Number Medico Adjective/Noun Adjective/Adverb/Noun/Verb Medico Number Number Noun Noun Adjective/Noun Number Number Number Number Noun Noun Medico Adjective/Adverb/Noun/Verb Medico Number Number Adjective/Noun Number Number Number Number Medico Noun Noun Medico Adjective/Adverb/Noun Noun Medico Adjective/Adverb/Noun Noun/Verb Medico Adjective/Noun Noun/Verb Noun Adjective Medico Medico Adjective Medico Noun Noun Medico Noun Medico ExamResult Adjective/Noun Adjective/Noun ExamResult Adjective/Noun Medico Medico Number Adjective/Noun ExamResult Noun Medico Noun Medico Medico Number Adjective/Noun ExamResult Noun Medico Adjective/Noun Medico Medico Adjective/Adverb Medico Noun Medico Noun Adjective/Adverb Medico Medico Medico Medico Adjective/Noun Medico Noun Medico Medico Adjective/Noun Noun Adjective/Adverb/Noun Medico Noun/Verb Medico Medico Medico ExamResult Noun Adjective/Noun Medico Medico Medico Adverb Adjective Adjective/Adverb/Noun Noun Medico Noun/Verb Medico Medico Medico Adjective/Adverb/Noun Medico Medico Medico Noun Medico Medico Verb Adjective/Adverb/Noun/Verb Adjective/Noun Adjective/Adverb/Noun/Verb Medico Medico Adjective/Adverb/Noun/Verb Medico Medico Noun Adjective Medico Adjective/Adverb Noun Noun/Verb Medico ExamResult Noun Medico Noun Noun Medico Number Medico Noun Number Noun Number Adjective/Adverb/Noun Noun Number Medico Medico Adjective Adjective/Adverb Medico Noun Noun Noun/Verb Medico Number Medico Adjective/Noun Noun Noun Adjective/Adverb Noun Noun/Verb Medico ExamResult Noun Medico Number Medico Medico Medico Noun Medico Noun Adjective/Adverb Adjective/Adverb/Noun Medico Number Noun Medico Noun Medico Adjective/Noun Adjective Medico Verb Adjective/Noun Medico Verb Medico Medico Adjective Noun Medico Medico Adjective/Noun Medico Medico Medico Medico Medico Adjective/Noun Adjective/Adverb/Noun Adverb Adjective Verb Adjective/Adverb/Verb Noun/Verb Medico Adjective/Adverb/Noun Verb Adjective/Adverb/Verb Adjective/Adverb/Verb Medico Adjective/Adverb/Noun Adjective/Noun Number Medico Adjective/Noun Medico Medico Medico Noun Number Number Medico Adjective/Noun Adjective/Adverb/Noun/Verb Medico Number Number Noun Noun Medico Medico Medico ExamResult Adjective/Noun Adjective/Adverb/Noun Noun Number Number Medico Adjective/Adverb Noun Medico Medico Adjective/Noun Medico Medico ExamResult Noun/Verb Noun/Verb Number ExamResult Medico Adjective Adjective Noun Noun Number Number Medico Adjective/Noun Medico Adjective/Adverb/Noun/Verb Medico Number Number Noun Noun Medico Medico Adverb Adjective Noun Number Number Medico Adjective/Noun Medico Adjective/Adverb/Noun/Verb Medico Number Number Noun Noun Noun/Verb Number Medico Medico Adjective/Noun Noun/Verb Number Noun Medico Noun/Verb Noun/Verb ExamResult Medico Adjective/Noun Medico Medico Adjective/Adverb Noun Noun Adjective/Adverb/Noun Medico Noun/Verb Medico Medico Number Medico Noun Adjective Adverb/Noun Number Number Medico Noun Noun Medico Medico Noun/Verb Medico Adjective/Adverb Medico Medico Verb Noun Noun/Verb Noun Medico Number Number Number Medico Adjective/Noun Medico Medico Adverb Medico Noun Number Medico Noun Medico Medico Noun/Verb Medico Adjective Medico Number Medico Noun Number Noun Number Medico Medico Adjective Adjective/Adverb/Noun Noun Number Medico Noun Medico Adjective/Noun/Verb Noun ExamResult Adjective/Noun Medico Noun Medico Medico Adjective/Noun Adjective/Adverb/Noun Noun Number Medico Medico Adjective Noun Medico Adjective Noun Adjective/Adverb/Noun Noun Number Adjective/Adverb Number Medico Adjective/Adverb Medico Noun Medico Noun/Verb Medico Noun Adjective/Noun Noun/Verb Adverb Medico Adjective/Noun Medico Adjective/Adverb Noun Noun Adjective/Adverb/Noun Medico Medico Adjective Noun
PMC10521634,PMC10521634_01,Noun Number Noun Adjective/Noun Adjective/Noun Adjective/Noun Medico Noun Noun Medico Medico Medico Medico Medico Medico Noun Noun Medico Medico Noun Medico Adjective Noun Medico Adjective/Adverb/Verb Medico Number Medico Noun Noun Medico Adjective Noun Noun Medico Medico Adjective/Noun Noun Adjective/Adverb Medico Adjective/Adverb/Noun Medico Medico Medico Medico Adverb Medico Medico Medico Adverb Adjective/Noun Medico Number Medico ExamResult Noun Medico Noun Medico Noun Medico Adjective Adjective Noun Adjective/Noun Noun Adjective/Adverb Medico Adjective/Noun/Verb Noun Medico Adjective/Noun Medico Medico Medico Adjective/Adverb/Verb Noun Adjective/Adverb/Verb Medico Number Medico Noun Noun Medico Adjective/Noun Noun/Verb Medico Medico Medico Noun Medico Noun Medico Adjective Noun Medico Medico Adjective/Noun Adverb/Noun Noun Noun/Verb Number Noun Adjective Noun/Verb Noun Noun Medico Noun Noun Noun Adjective/Noun/Verb Medico ExamResult Noun Noun Noun Noun/Verb Medico Number Number Medico Noun Noun Adjective/Noun/Verb Medico ExamResult Noun Medico Adjective/Noun Noun Medico Noun Medico Noun Adjective Noun/Verb Adjective/Adverb/Verb Medico Medico Medico Noun/Verb Adjective/Adverb/Noun/Verb Adjective/Adverb Medico Medico Medico ExamResult Adjective/Noun Medico Medico Adjective Noun Noun Medico Adverb Medico Medico Adjective/Adverb/Noun/Verb Adjective Noun/Verb Noun Medico Adverb Noun Number Medico Noun Medico Medico Medico Medico Adverb Adjective/Noun Noun/Verb Medico Adjective Adjective Noun Number Medico Noun Medico Adjective/Adverb Adjective/Adverb/Verb Noun/Verb Adjective/Adverb Number Medico Medico Medico Noun Noun Adjective/Noun Verb Adjective/Adverb/Verb Medico Adjective Noun Medico Adjective/Noun Noun Noun Noun Medico Medico Noun Medico Noun Medico Adjective/Adverb/Noun Adjective Medico Adjective Noun Adverb Adverb Noun Number Medico Adjective/Noun Medico Medico Medico Adjective Noun/Verb Adjective/Noun/Verb Noun Noun Noun Medico Medico Noun Noun Medico Noun Adjective/Adverb/Noun Noun/Verb Medico Adjective/Adverb Noun/Verb Adjective/Adverb/Noun Medico Noun Medico Medico Medico Noun/Verb Noun/Verb Number Medico Noun/Verb Medico Medico Adjective/Noun Adverb Medico Medico Noun Medico Medico Adjective Noun Medico Medico Medico Noun Noun Noun Medico Noun Medico Noun Noun Noun/Verb Medico Medico Noun Adjective/Noun Adjective/Verb Adjective Noun Medico Adjective/Noun Medico Noun Medico Adjective/Noun Medico Medico Adjective Noun Noun/Verb Number Adjective Noun Medico Medico Noun Medico Noun Medico Medico Noun Medico Adjective/Noun Noun Noun Medico Noun Adjective/Noun/Verb Medico ExamResult Medico Medico Noun Medico Adverb Adjective Noun/Verb Number Medico Medico Noun/Verb Medico Medico Medico Noun Medico Adverb Verb Noun Noun Noun Adverb Noun Medico Adjective Medico Adjective Adjective/Noun Noun Medico Adjective/Verb Medico Medico Medico Medico Adjective Medico Noun Adjective/Adverb/Noun Medico Noun Medico Adverb Adjective Medico Medico Adjective Noun Medico Medico Noun Number Medico Medico Medico Adjective Noun/Verb Noun Noun Adverb Adverb Adjective/Adverb Medico Medico Noun Medico Medico Noun ExamResult Noun Medico Noun/Verb Adjective/Noun Noun Medico Medico Noun Medico Adjective/Noun Medico Adjective/Noun Adjective Noun Adverb Medico Adjective/Adverb Adjective Medico Medico Adjective Noun Medico Adjective Medico Medico Adjective/Noun Medico Adjective Medico Adjective Medico Noun Noun Medico Medico Noun Medico Noun Adjective/Noun Medico Medico Medico Noun Noun Medico Adjective/Noun Adjective Noun Adjective Noun Noun Adjective/Noun Noun Medico Adjective/Noun Medico Noun Noun Noun/Verb Medico Medico Adjective Medico Noun Medico Noun Medico Noun Adjective Noun Medico Noun Adjective/Adverb/Noun Adjective Noun Medico Noun Noun/Verb Medico Noun Number Medico Adjective Adjective/Noun Noun Medico Medico Medico Noun Medico Noun/Verb Number Medico Adjective/Noun Noun/Verb Adjective Medico Verb Medico Medico Noun Medico Medico Noun Medico Number Medico Medico Noun/Verb Noun Medico ExamResult Noun Medico Noun Adjective/Noun Medico Adjective Noun Medico Adjective Noun Number Medico Medico Noun Noun Medico Noun Medico Adjective Noun Medico Medico Medico Medico Adjective Noun/Verb Medico Verb Noun Adjective/Noun Noun Medico Noun
PMC10710131,PMC10710131_01,Adjective/Noun Adjective/Noun Medico Medico Adjective/Noun Medico Adjective/Noun Noun Adjective Adjective/Adverb/Noun Medico Adjective/Noun Noun Medico Adjective Adverb/Noun Medico Adjective Noun Noun Medico Adjective Medico Medico Noun Adjective/Adverb/Noun Adjective/Noun Medico Noun Medico Noun Medico Medico Adjective Medico Adjective Adjective/Noun/Verb Noun Adjective/Noun Medico Adjective Medico Adjective/Noun/Verb Noun/Verb Noun Adjective/Adverb Medico Noun Medico Noun Medico Adjective Noun/Verb Adjective/Noun Medico Medico Adjective/Adverb/Noun/Verb Adjective/Noun/Verb Noun Adverb Medico Adjective/Noun Noun/Verb Noun Noun Medico Adjective/Noun Medico Adjective Adjective/Noun Noun/Verb Noun Adverb Adjective/Adverb Noun/Verb Noun Medico Medico Noun/Verb Noun/Verb Adjective/Adverb Medico Medico Medico Adjective Noun Adjective/Adverb/Noun Medico Medico Adjective/Noun Noun/Verb Noun Noun Noun/Verb Medico Adjective Adjective/Noun/Verb Noun Adjective/Adverb Medico Noun Medico Noun Medico Noun Noun/Verb Medico Medico Adverb Medico Noun/Verb Medico Adjective Noun Adjective/Adverb/Noun Noun/Verb Medico Adjective/Noun Medico Noun Number Noun Adjective/Noun Adjective/Noun Adjective/Noun Noun Medico Number Noun Medico Number Noun Adjective/Adverb Noun Adjective Noun Medico Adjective/Adverb/Noun Adjective/Noun Noun Medico Noun Adjective/Noun Noun/Verb Noun/Verb Medico Medico Medico Medico Medico Medico Adjective/Noun Medico Medico Noun/Verb Medico Medico Adjective/Noun Noun/Verb Medico Noun Adverb Medico Noun/Verb Medico Adjective Noun Noun Number Noun Medico Medico Medico Medico Medico Adjective Medico Medico Noun Adverb Adjective/Noun Medico Adjective/Noun Adjective/Noun/Verb Noun/Verb Medico Noun Adjective Adjective/Noun Noun/Verb Noun Medico
PMC10488652,PMC10488652_01,Noun Number Noun Adjective/Noun Adjective/Noun Adjective/Noun Medico Adjective/Adverb/Noun Adjective Adjective/Noun Noun Medico Medico Medico Medico Noun Noun/Verb Medico Noun Adjective/Adverb/Noun Adjective/Noun/Verb Noun Medico Adjective Medico Medico Medico Number Noun Adverb Noun Medico Adjective Noun Adjective/Adverb/Verb Medico Number Adjective/Noun Adjective/Noun/Verb Noun Noun Noun Noun Adjective Adjective/Noun Adjective/Noun Adjective/Noun Noun Noun Medico Adjective Noun Adjective/Adverb Adjective Noun Medico Adjective/Noun Medico Adjective Noun Adjective Medico Medico Medico Adjective Medico Noun Adjective/Adverb/Noun Adjective Medico Medico Medico Noun/Verb Adjective/Noun Noun Adjective/Adverb/Noun Medico Noun/Verb Medico Medico Noun Medico Medico Noun/Verb Number Medico Adjective Noun Medico Adjective Noun Medico Adjective Adjective/Adverb/Noun/Verb Medico Noun Medico Medico Noun Medico Medico Medico Adjective/Noun Medico Adjective/Noun Noun Adjective/Noun/Verb Noun Noun Noun Medico Medico Medico Medico Medico Noun Medico Noun Medico Medico Adjective Medico Noun/Verb Adjective/Noun Medico Noun Noun Adjective Adjective Noun Medico Adverb Adjective Medico Noun Noun Adjective/Noun Noun Adjective/Noun Noun Noun Adjective/Noun Noun Number Number Noun Number Adjective/Noun Noun ExamResult Noun Noun Number Number Medico Medico Adjective/Adverb/Verb Medico Adverb Adjective/Noun Medico Medico Medico Adjective/Noun/Verb Medico Noun Adjective/Noun Medico Medico Noun Medico Adjective/Noun Noun Noun Medico Adjective/Noun Medico Medico Medico Medico Adjective/Noun Noun/Verb Noun Medico Medico Adjective Adjective Noun Adverb/Noun Adjective Adverb Noun Noun Medico Medico Medico Noun Noun Noun Noun/Verb Medico ExamResult Adverb Adjective/Adverb/Noun Medico Number Noun Medico Noun Noun Noun Noun/Verb Medico ExamResult Adjective/Adverb/Noun Adverb Medico Medico Adjective/Noun Noun Medico Medico Adjective Noun Medico Adjective Noun Medico Medico Noun/Verb Medico Noun/Verb Medico Adjective Noun/Verb Medico Adjective/Noun/Verb Medico Adjective/Noun Medico Adverb Adjective/Noun/Verb Adjective/Adverb Adjective Medico Medico Adjective/Noun Medico Adjective Medico Medico Noun Adjective/Adverb Medico Noun Noun Medico Noun Noun Noun Noun/Verb Medico ExamResult Adjective/Adverb/Noun Adverb Noun Noun Noun Noun/Verb Medico ExamResult Adjective/Adverb/Noun Adverb Medico Medico Medico Noun Noun Noun/Verb Medico ExamResult Adjective Number Noun Medico Adjective/Noun Noun Medico Adverb Noun Noun Noun/Verb Medico ExamResult Adjective Number Noun Medico Adjective Adjective/Adverb/Noun/Verb Noun/Verb Medico Medico Noun Verb Adjective/Adverb/Verb Adjective/Adverb/Noun Medico Noun Noun Medico Adjective/Adverb/Noun Adjective/Adverb Medico Adjective/Adverb/Noun Medico Noun/Verb Noun/Verb Adjective/Adverb Medico Medico Medico Adjective Medico Medico Adjective Medico Medico Medico Medico Medico Adjective Noun Medico Medico Medico Noun Medico Medico Medico Noun Medico Noun Medico Number Medico Medico Adjective/Adverb Medico Adjective Noun/Verb Medico Medico Medico Medico Noun/Verb Adjective/Noun/Verb Adjective/Noun Medico Medico Noun Medico Medico Noun Medico Medico Noun/Verb
PMC11420039,PMC11420039_01,Noun Number Noun Adjective/Noun Noun Medico Medico Adjective Adjective Medico Medico Medico Adjective/Adverb Medico Medico Medico Medico Medico Adverb Adjective/Adverb/Noun Noun Noun Medico Number Medico Medico Medico Adverb Medico Medico Adverb/Noun Noun Noun Adjective Noun Noun Medico Noun Noun/Verb Medico Adjective Adjective/Noun Noun Adverb Noun Medico Adjective/Noun Noun Noun/Verb Adjective Noun Noun Noun/Verb Medico Medico Noun Noun Adjective/Adverb Noun Medico Adjective/Noun Medico Adjective Medico Medico Noun/Verb Number Adverb Adjective Adjective/Adverb Medico Noun Medico Adjective Noun/Verb Medico Medico Medico Adjective Medico Adjective Medico Medico Adjective/Noun/Verb Noun Medico Noun/Verb Medico Medico Adverb Number Medico Medico Noun Noun Noun Medico Adverb Number Medico Medico Medico Noun Medico Adjective/Noun Medico Adjective/Adverb/Noun Adjective/Adverb/Noun Adjective/Noun Noun Adjective/Adverb/Noun Noun Medico Medico Adjective/Adverb/Noun Noun Medico Noun Noun/Verb Medico Adjective/Adverb/Noun Noun Medico Noun Medico Adjective Medico Noun Medico Medico Adverb Verb Adjective/Adverb Adjective Medico Medico Noun Adjective Noun Adjective/Adverb/Verb Noun Medico Medico Medico Adjective/Adverb Medico Noun/Verb Medico Noun Adjective Medico Medico Noun Adverb Medico Medico Noun Adjective Medico Adjective Medico Noun Noun Medico Adjective Noun Medico Medico Medico Medico Noun Noun Adjective/Noun Medico Noun Noun Medico Adjective/Noun Adjective Noun Noun Medico Medico Medico Adjective/Noun Medico Adjective Medico Medico ExamResult Adverb Medico Noun Medico Medico Adjective Medico Medico Medico Adverb Adjective/Adverb Adjective/Noun Noun Medico Noun Noun/Verb Medico ExamResult Adjective/Adverb/Noun Medico Noun Medico ExamResult Adjective/Adverb/Noun Medico Noun Medico Adjective/Noun Noun Adjective/Noun Noun/Verb Noun/Verb Adverb Adjective Medico Medico Medico Adjective Adjective/Adverb Adjective/Noun Medico Medico Noun Medico Medico Medico Medico Adverb Adjective Adjective/Adverb Noun/Verb Adjective/Noun Medico Adjective/Adverb Medico Adjective/Noun Adjective Noun Adjective/Adverb/Noun Noun/Verb Medico Adjective/Adverb Noun/Verb Medico Adverb Medico Noun/Verb Noun Noun Medico Medico Noun Noun Medico Medico Noun Medico Adjective Medico ExamResult Adjective/Adverb/Noun Medico Noun Medico ExamResult Adjective/Adverb/Noun Medico Noun Medico Medico Noun Medico Medico Medico Medico Medico Adverb Medico Noun Adjective/Noun/Verb Noun/Verb Medico ExamResult ExamResult Medico Adverb Medico Adverb ExamResult Adjective Adjective/Noun Medico Adjective/Noun Noun Medico Noun/Verb Medico Adverb Adjective Adjective/Adverb/Noun Medico Adjective/Noun Medico Adjective Adjective/Adverb Noun Noun Medico Noun Medico Adjective Medico Noun/Verb Medico Medico Adverb Noun Medico Adjective/Noun Noun Noun Medico Adjective/Noun Adjective Medico Medico Medico Adverb Adjective/Noun Noun Adjective/Adverb Medico Adjective/Noun Adjective Medico Medico Noun/Verb Medico Noun Adjective/Noun Medico Noun Medico Medico Noun Noun Medico Adjective/Noun Noun Medico Adjective Adverb Adverb Medico Adjective/Adverb/Noun Adjective Noun Medico Noun/Verb Medico Medico Adjective/Noun Noun/Verb Noun Noun Noun Medico Adjective Medico Noun/Verb Number Noun Noun/Verb Noun Medico Noun Medico Adjective/Adverb/Noun Adjective Medico Medico Number Adjective/Adverb/Noun Noun Adjective Noun Medico Adjective/Adverb/Noun Adjective/Noun Noun/Verb Adjective/Adverb Noun Medico Medico Medico Medico Noun Medico Adjective/Noun Medico Number Medico Adjective/Noun Medico Number Noun Adjective/Noun Medico Number Medico Medico Adjective/Noun Medico Number Noun Medico Adjective Noun/Verb Medico Adjective Number Number Noun/Verb Number Adverb Medico Adjective/Noun Medico Medico Medico Adjective Noun Medico Adjective Medico Noun Medico Adjective/Noun Noun Medico Adjective/Adverb/Noun Adjective/Adverb Noun/Verb Adjective/Noun Medico Adjective Adjective/Adverb/Noun Medico Noun/Verb Medico Medico Medico Adverb Medico Adjective/Noun Noun Adjective/Adverb/Noun Medico Adjective Noun Medico Medico Noun Medico Adjective Medico ExamResult Medico Adjective Noun Medico Medico Medico Noun/Verb Noun Adjective/Adverb Noun Medico Medico Noun Noun Adverb Medico Adjective/Noun Noun Adjective Noun Noun Medico Adjective/Noun Adjective/Noun Adjective/Noun Noun Number Medico Adjective/Noun Adjective Medico Medico Adjective/Noun Noun Medico Noun/Verb Number Adjective/Adverb/Verb Noun Medico Medico Adjective/Noun Noun Medico Adjective Medico Medico Adjective/Noun/Verb Noun Medico Adjective/Noun/Verb Noun/Verb Adjective Adverb Medico Adjective/Noun Noun Noun Adjective/Adverb/Noun Medico Adjective/Adverb/Noun Adjective/Noun Medico Medico Verb Medico Noun Noun Medico Noun/Verb Medico Noun Adjective/Noun Noun/Verb Adjective Medico Adjective Medico Adjective Adverb Medico Adjective/Noun Medico Adjective/Noun Medico Medico Medico Adjective/Noun Medico Noun Noun Adverb/Noun Medico Medico Adverb/Noun/Verb Medico Medico Noun Medico Adjective/Noun Adverb Adjective Noun Adjective Adjective/Noun/Verb Medico Noun Adjective/Noun/Verb Noun/Verb Noun Medico Adjective/Adverb/Noun Adjective Medico Adjective Adjective Noun/Verb Medico Medico Medico Adjective/Noun Medico Number Adjective/Adverb/Noun Medico Adjective Adjective/Noun Medico Medico Medico Adjective/Noun Medico Medico Adjective Noun Medico Medico Medico Adjective Medico Adjective/Adverb/Noun Noun Adverb Medico Noun Adjective Noun Noun Medico Medico Medico Noun Noun Medico Adjective Adjective/Noun Noun Adjective/Noun Noun Medico Medico Medico Medico Noun Adjective/Noun Noun Medico Medico Adverb Noun Noun Noun/Verb Medico ExamResult Adverb Adjective/Adverb/Noun Medico Number Adjective/Adverb Noun Adverb Noun Adjective/Noun Number Medico Adjective Medico Noun/Verb Noun Medico Medico Medico Adjective/Noun Adjective/Noun Noun Medico Noun Adjective/Adverb/Noun Adjective Noun Medico ExamResult Medico Number Noun Medico Medico Noun Medico Adjective/Noun Noun Adjective/Noun Noun/Verb Adjective Medico Medico Adverb Noun/Verb Number Adjective/Adverb Adjective/Noun Noun Medico Adjective/Noun Noun Noun/Verb Adjective Medico Medico Medico Medico Adjective/Adverb/Noun/Verb Medico Medico Noun Adverb Medico Noun Adjective/Noun/Verb Medico Adjective Medico Adverb Medico Noun Medico Adjective/Noun/Verb Noun Adverb Adverb Noun Medico Verb Medico Medico Verb Adjective/Adverb/Verb Adjective/Noun Medico Adjective/Adverb Medico Adjective/Noun Medico Medico Medico Medico Adjective Adjective/Noun Adjective Noun
PMC11259348,PMC11259348_01,Noun Noun Medico Medico Noun Adjective/Adverb/Verb Medico Medico Adjective/Noun Adjective/Noun/Verb Noun Medico Medico Medico Medico Adjective/Adverb Medico Adjective/Noun Medico Noun Noun/Verb Medico Noun Adjective/Noun/Verb Medico ExamResult Noun Adjective/Noun Noun/Verb Medico Medico Adjective Medico Noun/Verb Noun/Verb Medico Noun Noun Adjective/Noun Adjective/Noun Medico Noun Noun Medico Adjective/Noun/Verb Medico Adjective/Noun Medico Medico Medico Noun/Verb Adjective/Noun Adjective/Noun/Verb Noun/Verb Adjective Noun/Verb Adjective/Adverb/Noun Adjective/Noun Noun Noun Noun Noun/Verb Noun Adjective/Noun Adjective/Adverb Noun/Verb Noun Medico Adjective Medico Medico Noun
PMC11259348,PMC11259348_02,Noun Noun Medico Medico Medico Noun Medico Noun Medico Medico Noun Noun Medico Medico Adjective/Noun Medico Medico Medico Adverb Medico Medico Medico Noun Adjective/Noun Noun/Verb Medico Medico Adjective Adverb/Noun Medico Adverb Medico Noun Noun Adjective/Noun/Verb Adjective/Adverb/Noun Medico Adjective/Noun Noun Noun Noun Noun Adjective/Noun/Verb Adjective/Noun Noun Noun Medico Noun Noun Medico Adjective/Adverb Medico Medico Verb Adjective/Adverb/Verb Noun Adverb Medico Medico Noun Medico Adjective/Noun Medico Medico Adjective Noun Medico Medico Medico Noun/Verb Medico Noun/Verb Noun Medico Noun Noun/Verb Adjective/Adverb/Noun Medico Noun Noun/Verb Medico Noun Noun Adverb Noun Noun Adjective/Noun Adjective/Noun Medico Noun Medico Adverb Medico Noun Noun Adjective/Adverb/Noun Medico Adjective/Noun Noun Noun Medico Noun Medico Adjective Adjective/Adverb/Noun Medico Adjective/Noun Medico Medico Medico Adjective/Noun/Verb Medico Medico Adjective/Noun Noun Noun Adjective/Noun Adjective Medico Verb Medico Adjective/Noun Noun Medico Noun/Verb Medico Noun Noun Noun Medico Noun Adjective/Noun Noun Medico Medico Noun Adjective/Noun/Verb Medico Noun/Verb Adjective/Noun Noun Adjective/Noun Noun Medico Noun Adjective Adjective/Adverb/Noun Number Number Noun Medico Medico Adjective/Noun Noun Noun Medico Medico Noun Noun Medico Medico Noun Number Adjective/Noun Medico Adverb Number Adjective/Noun Adjective/Noun Medico Medico Medico Medico Noun Adjective/Noun Adjective/Noun Medico Medico Verb Medico Medico Medico Adjective/Noun Noun Noun Adjective/Adverb/Noun Medico Medico Noun Adverb Medico Medico Medico Noun Adjective/Noun/Verb Noun/Verb Adjective/Noun Noun Noun/Verb Medico Noun/Verb Noun Adjective/Noun/Verb Adjective/Noun Medico Adverb Adjective/Noun Medico Adjective/Noun/Verb Medico Medico Noun/Verb Noun/Verb Adjective/Adverb/Noun Adjective/Noun/Verb Medico Medico Noun/Verb Noun Noun Adjective/Noun Medico Noun Adjective/Noun/Verb Adjective/Noun Medico Medico Medico Medico Noun Noun Adjective/Noun Noun Medico Noun Adjective/Noun/Verb Adjective/Noun Medico Medico Adverb Adjective Adjective/Adverb Noun/Verb Noun/Verb Medico Medico Adverb/Noun Medico Adjective/Adverb/Noun Adjective/Noun Noun/Verb Noun Adjective/Noun Adjective/Noun Medico Noun Adjective Adjective/Adverb/Noun Number Number Noun Medico Medico Adjective/Noun Noun Noun Medico Noun Medico Noun Adjective/Noun/Verb Noun/Verb Medico Medico Adjective/Noun Adjective/Noun Noun Noun Noun Adjective/Adverb/Noun Adjective/Noun/Verb Noun/Verb Noun/Verb Noun Adjective/Noun Medico Noun Medico Medico Adjective/Adverb Noun Medico Noun Adjective Noun Medico Medico Adjective/Noun Noun/Verb Noun/Verb Medico Adjective/Noun Adjective/Noun/Verb Medico Noun/Verb Adjective Medico Medico Adjective/Noun Noun Noun Noun Adjective/Noun Adjective/Noun Medico Noun/Verb Noun/Verb Adjective Adverb Medico Adjective/Noun Adverb Adjective Noun/Verb Adjective/Noun Noun/Verb Medico Noun Medico Medico Adverb/Noun Medico Noun/Verb Noun Adjective/Noun Adjective/Noun Noun/Verb Medico Medico Adjective Medico Number Adjective/Noun Noun Medico Medico Adjective Medico Adjective/Adverb Medico Medico Medico Adjective/Noun Adjective/Adverb/Noun/Verb Noun/Verb Medico Medico Adjective Medico Adjective Medico Medico Adjective/Noun Noun Medico Medico Noun Noun Medico Medico Medico Medico Noun/Verb Noun/Verb Medico Medico Medico Adjective/Noun Noun Medico Medico Noun/Verb Medico Noun Medico Noun Noun Medico Medico Medico Medico Medico Medico Medico Adjective/Adverb/Noun Adjective/Noun Medico Medico Number Adjective/Noun Adjective Adjective/Noun Noun Noun Medico Medico Medico Adjective/Adverb Medico Medico Medico Adjective/Noun Noun/Verb Adjective/Noun Medico Medico Number Adjective/Noun Adjective Adjective/Noun Noun Noun Medico Medico Medico Adjective/Noun Noun Medico Number Noun Noun Adjective Medico Medico Adjective/Noun Noun/Verb Noun Noun/Verb Medico Adjective/Noun/Verb Noun/Verb Adjective/Noun Medico Medico Number Adjective/Noun Adjective Adjective/Adverb Noun Medico Noun Noun/Verb Noun Adjective Noun Medico Medico Medico Adjective/Noun Noun Medico Number Noun Noun Adjective Medico Medico Adjective/Noun Noun/Verb Noun Noun/Verb Medico Medico Medico Medico Noun/Verb Medico Medico Medico Noun Number Adjective/Noun Adjective/Adverb/Noun Adjective Noun/Verb Medico Number Noun Medico Adjective/Adverb/Noun Adverb Medico Medico Noun/Verb Noun/Verb Noun Number Adjective/Noun Adjective/Adverb Number Noun Noun Noun Adjective/Adverb Medico Medico Medico Adjective/Adverb Adjective/Adverb/Noun/Verb Noun/Verb Medico Number Noun Medico Medico Medico Medico Medico Medico Medico Medico Adjective/Noun Noun Noun Adjective/Noun/Verb Medico Adjective/Noun Adjective/Noun/Verb Medico Medico Adjective/Noun Noun/Verb Medico Medico Medico Medico Medico Adjective/Noun Noun Noun Noun Adjective/Adverb/Noun Medico Adjective/Noun/Verb Noun/Verb Adjective/Noun/Verb Medico Adjective Medico Medico Adjective/Noun Noun Noun Adjective Noun Medico Adjective Adjective/Adverb/Noun Adjective/Noun Adjective/Adverb/Noun/Verb Medico Adjective/Noun Noun Medico Adjective/Noun Medico Medico Adjective/Noun Noun/Verb Medico Adverb Noun/Verb Adjective/Noun/Verb Noun/Verb Medico Medico Medico Adjective/Noun Noun Noun Medico Medico Noun Medico Noun Noun Adjective/Adverb/Noun Medico Adjective/Noun Medico Medico Medico Adjective/Noun Noun Adjective/Adverb/Noun Noun/Verb Medico Adjective Medico Medico Medico Medico Adjective
PMC11368112,PMC11368112_01,Noun Number Noun Adjective/Noun Adjective/Noun Medico Noun Number Noun Noun Medico Noun Noun Medico Noun Medico Medico Medico Medico Noun Noun Adjective/Adverb Noun Number Number Medico Adjective/Noun Noun Adjective Noun/Verb Noun Adjective Noun Adjective Medico Adjective Noun Medico Noun Adjective/Noun Noun Adjective/Adverb Noun Adjective Adjective Noun Adjective Adverb Adjective Noun Medico Medico Medico Adjective Noun Medico Noun Noun Medico Number Number Adjective/Noun Medico Adjective/Noun Noun Adverb Adjective/Adverb/Noun Adjective Adjective Medico Medico Noun Medico Medico Adverb/Noun Medico Noun Number Number Adjective/Noun Number Adjective/Noun Medico Number Noun ExamResult Adjective/Noun Noun ExamResult Noun Medico Adjective/Noun Noun ExamResult Adjective/Noun Adjective Noun Medico Noun Adjective/Adverb/Noun Medico Adjective/Noun Adjective Noun/Verb Adjective Adjective/Noun Adjective Medico Medico Adjective/Adverb/Noun Adjective Adjective Noun/Verb Adjective/Adverb/Noun Adjective Noun/Verb Medico Noun Medico Noun Noun Adjective Medico Medico Noun Adjective/Adverb/Noun Adjective Noun/Verb Adjective Noun Medico Noun Adjective/Adverb Noun Adjective/Adverb/Noun Medico Adjective/Adverb/Noun/Verb Noun/Verb Adjective Noun Noun/Verb Medico Medico Medico Adjective/Adverb/Noun Medico Noun/Verb Medico Medico Adjective Medico Noun/Verb Medico Medico Noun Medico Adjective/Noun Medico Medico Medico Medico Adjective Noun Medico Noun Noun Medico Adjective Noun Noun Medico Medico Noun Medico Noun Adjective Medico Number Number Adjective/Noun Adjective Adverb Medico Noun Noun Adjective Noun Medico Adjective/Noun Adjective Noun Medico Medico Medico Medico Medico Noun Medico Noun Noun Noun/Verb Medico Number Number Adjective/Noun Adjective/Adverb Medico Adjective/Noun Noun Medico Noun Noun/Verb Medico Noun Medico Medico Adjective/Noun/Verb Medico Adjective/Noun Adjective Medico Noun Adjective Adjective/Adverb/Noun Noun Adjective/Noun Medico Adjective/Adverb Adjective/Noun Adjective Noun Medico Medico Medico Medico Adjective/Noun Adjective Medico Adjective/Noun Noun Adjective/Noun Medico Adjective/Adverb Noun Adjective Noun Medico Medico Noun Medico Adjective/Adverb/Noun/Verb Noun Medico Noun Medico Adjective/Noun Noun Noun/Verb Medico Adjective/Adverb Noun Number Number Noun Medico Noun Medico Noun/Verb Noun Medico Adjective/Noun/Verb Medico Noun Medico Noun Number Adjective/Noun ExamResult Adjective Adjective/Noun/Verb Medico Adjective/Noun/Verb Adjective Adjective/Noun Adjective/Adverb/Noun Medico Adjective/Noun Noun Medico Medico Adjective/Adverb/Noun/Verb Noun Medico Medico Noun Medico Adjective Noun Medico Adjective Noun/Verb Medico Noun Medico Adjective Medico Noun/Verb Medico Medico Noun Noun Medico Medico Noun Noun Medico Adjective Medico Adverb Medico Adjective/Adverb Medico Noun Medico Noun Medico Adjective Noun Adverb Noun Adjective Noun Medico Adverb Medico Adjective Noun Medico Adjective/Noun Medico Number Number ExamResult Adjective/Adverb/Noun Noun Adjective/Adverb Medico Adjective/Noun Noun Adjective Noun/Verb Medico Noun/Verb Medico Noun Adverb Medico Adjective Adjective/Noun Medico Noun Medico Medico Noun Medico Adjective/Noun Medico Adjective/Adverb Medico Noun/Verb Medico Noun Adjective/Adverb Medico Adjective Noun Medico Noun Medico Adjective/Noun Medico Noun Noun/Verb Noun Medico Medico Adjective Noun Medico Medico Noun/Verb Medico Noun Medico Medico Adjective/Adverb Noun Medico Noun Medico Noun Adjective Medico Noun Noun Noun Adjective Noun Medico Noun Adjective Adjective/Adverb Medico Adjective/Noun Medico Medico Medico Noun Noun Medico Adjective/Adverb Medico Noun Noun Noun Noun/Verb Medico Medico Medico Medico Noun ExamResult Medico Noun Medico Adjective/Noun Medico Medico ExamResult Medico Noun Medico Adjective/Noun Medico Adjective Adverb ExamResult Adjective/Adverb/Noun Medico Noun/Verb ExamResult Adjective/Adverb/Noun Medico Noun ExamResult Medico Noun Medico Noun Medico Verb Noun Noun/Verb Adjective/Noun Medico Noun Medico Number Number Number Number Medico Adjective/Noun Noun Noun Medico Adverb Adjective/Adverb Adjective/Noun Noun Medico Noun Medico Noun Medico Adjective Medico Medico Adjective/Noun Noun/Verb Noun Medico Adjective Number Noun Adjective/Adverb Noun Medico Adjective Adjective Medico Adjective/Noun Medico Noun/Verb Noun Adjective Noun Medico Medico Medico Noun Medico Medico Adjective/Adverb/Noun Medico Adjective/Adverb/Noun/Verb Noun/Verb Adjective Noun/Verb Medico Noun Noun Adjective/Adverb/Noun Medico Adjective/Noun/Verb Medico Medico Adjective/Adverb/Noun Medico Adjective/Adverb/Noun Noun/Verb Adjective Noun/Verb Noun/Verb Medico Medico Adjective/Noun Medico Adjective/Noun Medico Adjective/Adverb/Noun Noun Medico Adjective/Noun Medico Medico Verb Adjective/Adverb/Verb Medico Adjective/Noun Medico Medico Medico Noun Adverb Noun
PMC11345641,PMC11345641_01,Adjective/Adverb/Noun Noun Number Noun Number Noun Adjective/Noun Noun Medico Medico Medico Medico Adjective/Noun/Verb Medico Noun Adjective Adjective/Noun/Verb Adverb Adjective Adjective/Noun Noun Adjective/Adverb Adverb Medico Noun Medico Medico Noun Noun Adjective/Adverb/Noun Medico Adjective/Adverb/Noun/Verb Adjective/Noun Noun Medico Adjective Medico Noun/Verb Adjective Medico Medico Noun/Verb Medico Adjective Medico Medico Adjective Adjective/Noun Noun/Verb Medico Adjective Adjective/Noun Noun Adjective/Adverb/Noun Medico Adjective/Adverb/Noun Adjective/Noun Medico Adjective/Noun Medico Noun Noun Adjective/Noun Adjective Noun Medico Medico Adjective/Adverb Noun Noun Medico Medico Noun Noun Number Number Medico Number Medico Number Adjective/Noun Noun Noun Adjective/Noun Noun Noun Number Medico Medico Medico Noun Medico Medico Adverb Adjective/Noun Medico Adverb Medico Noun Noun/Verb Medico Medico Adjective/Noun/Verb Medico Adjective/Noun Medico ExamResult Noun Adjective Noun Medico Medico Adjective/Noun/Verb Adjective/Adverb/Noun Medico Adjective/Noun Noun/Verb Medico Medico Noun Noun Number Medico Medico ExamResult Medico Noun Adjective/Noun Noun/Verb Medico Adjective/Adverb/Noun/Verb Medico Adjective Medico Noun Adjective Noun Noun Adverb Medico Adjective Adjective/Noun Medico ExamResult Noun Noun Medico Adjective/Noun Adjective Adjective/Noun Noun Adverb Medico Adjective Noun/Verb Noun/Verb Medico Adjective Medico Adjective Adjective/Adverb/Noun Medico Adjective/Noun Noun/Verb Noun Adverb Number Medico Medico ExamResult Medico Number Adjective Medico Medico Medico Noun Medico Noun Medico Noun Medico Medico Medico Adverb Medico Noun Adjective Noun Noun/Verb Number Noun Adjective Noun Medico Medico Medico Medico Noun Adjective Adjective Noun Adjective/Adverb Noun Number Number Medico Medico Noun Adjective/Noun/Verb Medico Noun Medico Adjective Noun Adjective/Adverb Noun Adjective/Noun Medico Noun Medico Noun Medico Medico Medico Noun Adjective/Noun Noun Noun Adjective/Adverb/Noun Adjective/Noun/Verb Medico Medico Adverb Adjective Medico Adjective/Noun Medico Medico Medico Noun ExamResult Adjective/Adverb/Noun Noun Adjective/Adverb Medico Adjective/Noun Noun/Verb Medico Noun Medico Adjective Medico Medico Adjective Medico Medico Adjective/Noun/Verb Noun/Verb Medico Adverb/Noun Medico Noun/Verb Number Adjective Noun Noun/Verb Noun Medico Medico Adjective/Noun/Verb Medico Noun/Verb Noun Noun Medico Adjective/Adverb Medico Medico Medico Adjective/Adverb Noun Adjective Medico Medico Adjective Adjective Medico Number Number Number Medico Noun/Verb Number Medico Adjective/Noun Medico Adjective Medico Medico Noun/Verb Medico Adjective/Adverb/Noun/Verb Verb Adjective/Adverb/Verb Noun Noun Noun/Verb Noun Medico Noun Medico Adjective/Adverb/Noun Medico Adverb Adjective/Noun Medico Adjective/Adverb Medico Adjective Adjective/Noun Noun Noun/Verb Noun Adjective Adjective Adjective Noun Medico Adjective Medico Adjective/Adverb/Noun Medico Adjective/Adverb/Noun/Verb Adjective Medico Adjective/Noun Medico Medico Medico Noun Number Medico Medico ExamResult Adjective/Adverb/Verb Noun Medico Adjective/Noun Adjective Adjective/Noun/Verb Medico Medico Medico Adjective Noun/Verb Adjective/Adverb/Noun/Verb Noun/Verb Noun Noun Noun Adjective Noun/Verb Adjective Noun Medico Medico Adjective/Adverb/Verb Medico Adjective/Noun Adjective Noun Noun Medico Noun Noun Noun Adjective/Adverb/Noun Medico Adjective/Adverb/Noun/Verb Noun/Verb Noun Medico Medico Medico Adjective/Adverb/Noun/Verb Medico Medico Noun/Verb Noun Medico Adjective Adjective/Noun/Verb Noun/Verb Number Noun Medico Number Medico Medico Medico Medico Adjective/Noun Medico Number Number Adjective/Noun Noun Medico ExamResult Adverb Noun Adjective Medico Medico Adjective/Noun Adjective Noun Medico Adjective Adjective/Noun Noun Medico Noun Adjective/Adverb/Noun Adjective Adjective/Noun/Verb Medico Adjective/Noun Medico Adjective/Adverb/Noun Medico Noun Medico Noun Adjective/Noun Noun Noun Adjective/Adverb/Noun/Verb Adjective Adjective/Noun/Verb Adverb ExamResult Adjective/Adverb/Noun Noun Medico Adjective Noun Medico Adjective Noun/Verb Medico Medico Adjective Noun Medico Adjective Adjective/Adverb Noun Number Number Medico Medico Noun Adjective Noun Medico Medico Medico Adjective Adjective/Noun Medico Adjective Medico Medico Noun Adjective/Noun Noun Medico Medico Adjective/Adverb/Noun/Verb Noun Noun Medico Noun Medico Adjective Noun ExamResult Noun Adjective/Adverb/Noun Medico Adjective/Noun Noun Adjective Adverb Medico Adjective Noun Medico Adjective Medico Noun Medico Adjective/Noun Adverb Adjective Adjective Noun/Verb Medico Noun Adjective Noun Medico Medico Adjective/Noun Medico Adjective Noun Adverb/Noun Adjective/Adverb/Noun/Verb Adverb/Noun Medico Noun Medico Adjective Adjective/Adverb Medico Adjective/Adverb/Noun/Verb Noun Medico Medico Adjective/Adverb/Noun/Verb Noun Medico Noun/Verb Adjective Medico Adjective/Adverb/Verb Medico ExamResult Adjective/Adverb/Noun Noun Medico Adjective/Noun/Verb Adjective/Adverb Medico Adjective/Adverb/Noun Noun Medico Adjective Noun Medico Adjective Medico Adjective/Adverb/Verb Medico ExamResult Medico Adjective/Noun/Verb Adjective/Adverb/Noun Medico Noun Adjective Medico Noun Medico Medico Adjective Medico Medico Noun ExamResult Medico Adjective Medico Medico Adverb Adjective Medico Adjective Medico Adjective/Noun Noun Noun Medico Medico Adjective Medico Noun Medico Medico Noun Medico Adjective/Verb Medico Noun Medico Noun Adjective/Noun Noun/Verb Adverb Medico Medico Medico Medico Noun/Verb Adjective Noun Adjective Adjective Medico Adjective/Adverb/Noun Medico Adjective/Noun Medico Adjective Noun Medico Noun Noun Adjective Adjective/Adverb/Noun Medico Adjective/Adverb/Noun/Verb Noun Adverb/Noun/Verb Medico Medico Noun Noun Medico Medico Noun Medico Noun Medico Noun Noun/Verb Number Adverb Medico Adjective/Noun Adjective Adjective Noun Adjective/Adverb/Noun/Verb Noun Medico Adjective/Noun Noun Adjective/Noun Adjective/Adverb Adjective Noun Medico Noun/Verb Adjective Medico Medico Adjective/Noun Noun Medico Medico Verb Adjective/Adverb/Verb Noun Adverb Medico Adjective/Noun Medico Medico Verb Noun Medico Adjective/Noun Medico Medico Medico Adjective Medico Adjective/Adverb/Noun Adjective Verb Adjective/Adverb/Verb
PMC11723754,PMC11723754_01,Adjective/Noun Noun Adjective/Noun Adverb Medico Noun/Verb Medico Adjective Adjective/Noun Noun/Verb Noun Noun/Verb Noun/Verb Medico Noun Medico Adjective Noun Medico Noun Medico Noun/Verb Adjective/Noun Noun/Verb Noun Adjective/Adverb/Noun Adjective Noun Adjective Adjective/Noun/Verb Medico Adjective/Noun/Verb Adjective/Noun/Verb Medico Medico Medico Medico Noun/Verb Noun Medico Medico Noun/Verb Adjective/Noun Medico Adjective/Adverb/Noun Adjective Noun Medico Adjective/Adverb/Noun Noun Medico Noun Medico Medico Medico Medico Adjective Adjective/Adverb Adjective Noun Medico Medico Adverb/Noun/Verb Medico Medico Noun Adjective/Noun Medico Noun/Verb Noun Medico Adjective/Noun Adjective Noun Noun/Verb Adjective/Adverb/Noun Noun/Verb Noun/Verb Adverb Medico Adjective Adjective Noun/Verb Medico Noun/Verb Medico Medico Adjective/Noun Medico Medico Medico Adjective/Noun Noun Medico Medico Adjective/Adverb/Noun Medico Noun/Verb Medico Adverb/Noun Medico Adjective/Adverb/Noun Noun Adjective/Adverb/Noun Medico Medico Noun Adjective/Noun Noun Adjective/Adverb/Noun Medico Medico Medico Medico Medico Medico Medico Verb Medico Medico Medico Verb Adjective/Noun Noun Noun Noun Noun Adjective Noun/Verb Medico Medico Adjective Medico Medico Adjective Medico Medico Adjective/Noun Medico Medico Medico Medico Medico Adjective Adverb/Noun Adjective/Noun Medico Adjective/Noun Medico Medico Medico Medico Noun Medico Adjective/Adverb/Verb Noun/Verb Medico Medico Medico Medico Noun Medico Adjective Noun/Verb Noun Medico Medico Noun Adjective/Adverb/Noun Noun/Verb Medico Adjective/Adverb/Noun/Verb Noun ExamResult Noun Adjective/Noun Medico Adjective Adverb Medico Adjective/Noun Noun Medico Adjective Noun/Verb Noun/Verb Noun Medico Noun Adjective/Adverb Noun Number Medico Noun/Verb Medico Adjective Adjective/Adverb/Verb Medico Noun/Verb Adjective Medico Noun Medico Adjective/Noun/Verb Adjective/Verb Adjective/Noun Noun Medico Medico Adverb/Noun Medico Noun Medico Adjective/Adverb Adjective Medico Noun Adjective/Adverb Noun Adjective/Adverb/Noun Noun Noun Medico Adjective/Adverb/Noun Medico Adjective/Adverb/Noun Medico Medico Noun/Verb Medico Medico Adjective Medico Adjective/Noun Noun/Verb Medico Medico Adjective/Noun/Verb Noun/Verb Adjective Noun/Verb Medico Noun Medico Medico Adjective Medico Medico Adjective Adjective/Adverb/Noun Medico Adjective Noun Adjective/Noun Medico Adjective Noun Medico Adjective Medico Medico Medico Medico Adjective/Adverb/Noun Noun/Verb Number Adjective/Noun Medico Noun/Verb Adjective/Adverb/Noun Adjective/Noun Noun/Verb Noun Medico Medico Medico Medico Medico Adjective/Noun Adjective/Noun Medico Adjective Medico Adjective/Noun/Verb Noun Adjective Noun/Verb Medico Medico Noun Noun/Verb Medico Noun Adjective Adjective/Noun/Verb Noun Adjective/Noun Medico Adjective/Noun Adjective Adjective/Noun Noun Noun Noun/Verb Medico Medico Medico Adjective/Noun Adjective/Noun Medico Adjective/Adverb/Noun/Verb Adjective Medico Noun/Verb
PMC11783470,PMC11783470_01,Medico Noun Medico Noun Number Noun Adjective/Noun Noun Medico Noun Adjective/Noun Medico Noun Noun Noun Noun Medico Adjective Noun Medico Medico Noun Noun Noun Noun Noun Adjective/Noun Noun/Verb Adjective Noun Medico Noun Noun Medico Adjective Noun/Verb Noun Noun Medico Medico Adjective/Noun Adjective Noun Medico Medico Medico Medico Noun Medico Adjective Adjective Noun Noun Noun Noun ExamResult Noun Noun Noun Number Number Noun Number Noun Noun Medico Adjective/Noun/Verb ExamResult Noun Noun Medico Adjective/Noun Noun Adjective/Noun/Verb Medico Adjective/Adverb/Noun/Verb Noun Noun Number Medico Adjective/Adverb/Noun Noun/Verb Medico Adjective/Noun/Verb Noun Medico Medico Adjective/Noun Medico Medico Medico Medico Noun Noun Noun Adjective Noun Medico Noun Medico Noun Noun Number Noun Medico Noun Medico Adjective Medico Medico Medico Noun Medico Medico Medico Number Adjective Medico Medico Adjective Adjective/Adverb/Noun Medico Adjective/Noun Noun Medico Noun Noun/Verb Noun/Verb Number Noun Medico Medico Adjective Noun Adjective Adjective/Adverb/Noun/Verb Adjective Noun Medico Adjective/Noun Medico Adjective Adjective/Adverb/Noun Adjective/Adverb/Noun Adjective/Adverb Medico Adjective Medico Noun Medico Medico Noun/Verb Adjective Medico Medico Adverb Noun/Verb Medico Medico Adjective Noun Medico Medico Medico Adverb Verb Adjective/Adverb Noun Noun/Verb Adjective/Noun Medico Noun Medico Medico Medico Medico Adjective/Noun Medico Medico Medico Adjective Noun Adjective/Noun Medico Noun/Verb Medico Medico Adjective Noun Medico Medico Adverb Medico Medico Noun Medico Adjective Medico Medico Adjective Noun Medico Medico Noun/Verb Number Adjective/Noun Medico Noun Medico Noun Medico Adjective/Noun/Verb Adjective Noun Medico Adjective/Noun Medico Adjective Medico Verb Adjective/Adverb/Verb Noun Medico Noun Noun Medico Verb Noun Noun/Verb Noun Medico Verb Adjective/Adverb/Noun Adjective Medico Medico Noun Adjective/Noun Medico Noun/Verb Medico Adjective/Adverb Number Medico Medico Adjective/Adverb/Noun Noun/Verb Medico Noun Medico Medico Medico Medico Adjective/Noun/Verb
PMC11722600,PMC11722600_01,Noun Number Noun Adjective/Noun Adjective/Noun Medico Noun Noun Medico Adjective/Noun Noun/Verb Medico Medico Medico Noun Noun Medico Adjective Adjective/Noun Noun/Verb Medico Number Noun Adjective Adjective/Adverb/Noun Medico Adjective/Adverb/Noun/Verb Adjective Noun Medico Medico Medico Adjective/Adverb/Noun Noun Noun Adjective Medico Medico Medico Adjective/Adverb Noun Number Medico Medico Adjective Noun/Verb Medico Adjective/Noun Adjective/Adverb/Noun Medico Adjective/Adverb/Noun Noun Noun Adjective Adjective Noun/Verb Adjective Noun Medico Adjective/Noun Noun/Verb Adjective/Adverb/Noun Medico Medico Adjective Noun Adjective/Adverb/Noun Medico Medico Adverb Adjective/Adverb/Noun Noun/Verb Noun Medico Adjective/Noun/Verb Medico Noun Noun/Verb Medico Adjective/Noun Medico Medico Noun Adjective/Noun/Verb Medico Adjective/Noun/Verb Noun Medico Medico Adjective/Noun/Verb Noun/Verb Medico Noun Number Medico Adjective/Noun Noun/Verb Medico Number Number Number Medico Adjective/Noun Adjective Noun Noun Noun ExamResult Adjective/Noun Medico ExamResult Adjective/Noun Noun Noun Noun/Verb Noun ExamResult Noun Medico Number ExamResult Noun Adjective/Noun/Verb Adjective Noun Medico Adjective Noun Adverb Noun Adjective/Noun Medico Adjective Noun Medico Adjective/Adverb Adjective/Adverb/Noun/Verb Adjective/Noun Adjective/Adverb/Noun Medico Noun/Verb Medico Noun Noun/Verb Adjective/Noun Noun Medico Adjective Noun/Verb Noun/Verb Medico Noun/Verb Medico Medico Noun Adjective Adjective Noun Noun ExamResult Adjective/Adverb/Noun Noun Medico Adjective Medico Medico Noun Adjective Adjective/Adverb/Noun/Verb Noun Noun ExamResult Medico Noun Medico Adjective Medico Medico Medico Noun Medico Noun Noun Medico Noun Adjective Adjective Medico Adjective Medico Adjective Adjective/Noun Adjective/Adverb/Noun Medico Noun Medico Adjective Medico Adjective/Adverb Medico Adjective/Noun Adjective/Noun/Verb Medico Adjective Adjective Noun Medico Medico Adjective/Adverb/Noun/Verb Medico Noun/Verb Noun Medico Noun Medico Medico Adverb Medico Noun Medico Medico Medico Noun Adjective/Adverb/Noun/Verb Noun Adjective/Adverb/Noun Medico Medico Adjective Noun/Verb Adjective/Adverb/Noun Adjective Medico Medico Adjective Noun Adjective/Noun Noun Medico Adjective Medico Adjective/Noun Medico Noun Adjective Adjective Adverb/Noun/Verb Medico Medico Adjective Number Noun Adjective/Adverb Medico Medico Medico Noun Medico Medico Noun Medico Adjective Adjective Noun Adverb Medico Medico Noun/Verb Medico Medico Noun Noun Noun Medico Noun Noun Medico Medico Adjective/Noun Noun Medico Medico Adjective/Noun Noun Adjective Medico Adjective/Noun Medico Medico Adjective/Noun Medico Medico Medico Noun/Verb Medico Medico Noun/Verb Medico Adjective Adjective Medico Medico Noun Noun Adverb Adjective Adjective Noun Adverb Medico Adjective Noun/Verb Noun/Verb Number Noun/Verb Number Noun/Verb Number Medico Medico Noun/Verb Noun Medico Adjective Medico Medico Noun Adjective/Noun/Verb Medico Noun Noun Number Noun Verb Adjective/Adverb/Verb Medico Adjective/Noun Noun Adjective Medico Verb Adjective/Adverb/Verb Adjective/Adverb/Noun Noun
PMC11722600,PMC11722600_02,Noun Number Noun Adjective/Noun Adjective/Noun Medico Noun Noun Medico Noun Adjective/Adverb Adjective Noun Adjective Medico Medico Adjective/Noun Adjective/Noun Medico Medico Noun Medico Noun Medico Noun Medico Adjective Medico Medico Adjective/Noun Noun Adjective/Noun Medico Medico Adjective/Noun Noun/Verb Medico Number Noun Adverb Adjective/Adverb/Noun Medico Noun Medico Adjective/Adverb Adjective Adjective/Adverb/Noun Medico Medico Medico Adjective/Noun Noun Adjective/Adverb/Noun Noun Noun Adjective Medico Adjective/Adverb/Noun Noun Noun Adjective Adjective Adjective/Noun Noun/Verb Adjective Noun Medico Adjective/Noun Noun/Verb Adjective/Adverb/Noun Medico Medico Adjective Noun Medico Adjective/Noun Medico Noun Adjective/Noun/Verb Noun/Verb Noun Medico Adjective/Noun Adjective/Adverb/Noun Medico Medico Noun Noun Adjective/Noun Medico Adjective/Noun/Verb Noun Adjective/Noun/Verb Medico Adjective/Noun/Verb Noun Medico Medico Noun Medico Number Number Medico Adjective/Noun/Verb Noun/Verb Medico Medico Number Number Number Medico Noun Noun ExamResult Adjective/Noun Medico ExamResult Noun Noun Adjective Noun Medico Adjective/Noun Noun Medico Adjective Medico Noun Adjective/Noun Medico Adjective Noun Medico Noun Adjective Adjective Noun Noun ExamResult Adjective/Adverb/Noun Noun Medico Adjective Adjective Noun/Verb Adverb Medico Noun Medico Adjective/Noun Noun Adjective Medico Noun Medico Medico Medico Noun Noun Medico Adjective Noun Adverb Adjective/Noun Noun Medico Adjective Medico Medico Adverb Medico Medico Noun Medico Adjective/Noun Medico Noun Adjective Adjective/Noun Noun/Verb Noun Medico Adjective/Noun Adjective/Noun Noun/Verb Medico Adjective/Noun Medico Adjective Noun Medico Medico Adjective Noun/Verb Adjective/Adverb/Noun Medico Medico Medico Medico Adjective/Noun Medico Adjective/Noun Adjective Noun Medico Medico Noun Adjective/Noun Noun Medico Adjective Noun Noun Number Adjective/Noun Noun Medico Adjective Adjective/Noun Medico Adjective Adjective/Adverb/Noun Adjective/Adverb/Verb Noun Medico Medico Adjective/Adverb/Noun Medico Medico Noun Medico Medico Adjective Noun/Verb Adjective/Noun Noun Medico Medico Medico Medico Adjective Adjective/Adverb/Noun Medico Noun Medico Adjective/Adverb/Noun/Verb Medico Noun/Verb Adjective Noun/Verb Medico Medico Noun Medico Adjective/Adverb/Noun Noun Noun Medico Adjective/Noun Adjective Medico Medico Adjective Adjective/Adverb Number Noun Medico Medico Adverb Medico Noun Noun/Verb Noun Medico Medico Medico Verb Adjective/Verb Noun Medico Medico Medico Noun Adverb/Noun Medico Noun/Verb Medico Noun Adjective Noun Medico Medico Noun/Verb Noun Number Medico Noun Verb Adjective/Adverb/Verb Noun Noun/Verb Medico Noun/Verb Medico Medico Noun Adjective Adjective Noun Medico Noun Noun Adjective/Adverb/Noun Medico Adjective/Noun Adjective Noun/Verb Noun Medico Medico Medico Adjective/Noun Medico Adjective Noun Adjective Medico Noun Medico Medico Adjective/Adverb/Noun Medico Medico Adjective Noun Medico Medico Noun Noun Medico Medico Adjective/Noun Noun/Verb Medico Medico Adjective/Noun Medico Noun Noun/Verb Medico Adjective/Noun Adjective Medico Medico Noun Medico Medico Adjective/Noun Noun Adjective Noun Medico Noun Adjective Adjective Noun Medico Adjective/Noun/Verb Medico Medico Noun Medico Noun Noun Medico Adverb ExamResult Medico Medico Noun/Verb Medico Noun ExamResult Adjective/Noun/Verb Adjective/Noun Adjective Noun Medico Medico Adjective Adjective/Adverb Medico Adjective/Adverb/Noun Adjective Noun Medico Medico Medico Noun Medico Noun Adjective Noun Medico Noun Noun Adjective/Adverb/Noun Medico Noun Medico Adjective Adjective Noun/Verb Medico Adjective Medico Adjective Adverb Adjective Medico Medico Medico Adjective/Adverb/Noun Medico Adjective Medico Medico Medico Adjective Adverb Adjective/Noun Adjective Adjective Medico Noun Adjective/Noun Adjective Noun/Verb Medico Noun Medico Medico Adjective Adverb Medico Medico Medico Medico Noun Noun Noun/Verb Medico Medico Medico Adjective Noun Adjective/Noun/Verb Adjective/Adverb/Noun Medico Adjective Noun Medico Medico Medico Adjective/Noun Noun Medico Medico Noun/Verb Medico Medico Adjective Noun Adjective/Adverb/Noun Adjective Noun Adjective/Adverb/Noun Adjective Medico Medico Adjective/Noun/Verb Noun/Verb Medico Noun/Verb Medico Noun/Verb Number Medico Adjective/Noun Medico Adverb Adjective Medico Adjective/Adverb Adjective Adjective Verb Adjective/Adverb/Verb
PMC12215201,PMC12215201_01,Noun Number Noun Adjective/Noun Medico Medico Adjective/Noun Medico Adjective/Adverb/Noun Adjective/Adverb/Noun Adjective/Noun Noun Adverb Medico Medico Medico Noun Noun Medico Medico Medico Number Medico Medico Noun/Verb Adjective Noun Adjective Noun Medico Noun/Verb Noun Noun Adverb Medico Noun/Verb Adjective/Adverb/Noun Medico Noun Medico Medico Medico Medico Noun/Verb Adjective/Noun Noun Medico Adjective/Noun Adverb Adjective Adjective/Adverb Adjective/Noun Noun/Verb Adverb Medico Medico Medico Adjective/Adverb/Noun Adjective/Noun Adjective Medico Medico Adjective/Noun Noun Medico Adjective/Noun/Verb Medico Noun Noun Adjective/Noun Noun Noun Noun/Verb Medico Adjective/Adverb Adjective Adjective Medico Noun Adjective Medico Noun/Verb Adverb/Noun Noun Noun Noun Noun Noun Noun/Verb Medico Noun Noun Medico Medico Adjective/Adverb Adjective/Noun/Verb Noun Medico Adjective/Noun Medico Adjective Medico Adjective/Noun/Verb Medico Adjective/Adverb/Noun Adjective/Adverb/Noun Adjective/Noun Noun/Verb Adjective Noun Medico Noun Adverb Adjective/Noun/Verb Medico Medico Noun Medico Adjective/Noun Noun Adjective/Noun Medico Noun Noun Medico Medico Noun ExamResult Noun Noun Noun/Verb Number Adjective/Noun Number Medico Adjective/Noun/Verb Noun ExamResult Noun Adjective Noun ExamResult Adjective/Noun Medico ExamResult Adjective/Noun Noun ExamResult Adjective/Noun Medico Noun ExamResult Noun Noun Adjective/Noun Noun Medico Medico Adjective/Noun Adjective/Noun Noun Adjective/Adverb/Noun Medico Adjective/Noun Medico Adjective/Adverb Adjective Adjective/Noun Noun Number Number Adjective/Noun Number Number Adjective/Noun ExamResult Medico Noun Medico Adjective Medico Medico Medico Adjective Noun Medico Adjective/Adverb Adjective/Adverb/Noun Adjective Noun/Verb Medico Noun Adjective/Adverb/Noun Adjective/Noun Adjective Adjective/Noun/Verb Noun Number Number Adjective/Noun Number Number Adjective/Noun ExamResult Noun Adverb Medico Noun Medico Medico Noun Medico Noun Medico Adjective Noun/Verb Medico Medico Adjective/Noun Medico Medico Adjective/Adverb/Noun Medico Adjective/Noun Medico Noun Medico Medico Adjective/Noun Noun Medico Medico Noun/Verb Noun Number Adjective Medico Adjective Medico Adverb/Noun Medico Adverb Noun/Verb Medico Noun Medico Medico Noun Adjective Noun Medico Noun Medico Adjective Medico Noun Medico Medico Medico Medico Noun Medico Adjective Adjective Medico Medico Adjective/Noun Adjective Adjective Adjective/Noun Noun/Verb Medico Medico Medico Medico Adjective/Noun Noun Medico Noun Adverb Medico Medico Noun Noun/Verb Medico Adjective/Noun Medico Noun Adverb Medico Noun Medico ExamResult Medico ExamResult Adjective/Adverb/Verb Adjective Adjective/Noun Medico Adjective Adjective/Noun Noun Medico ExamResult Noun Medico ExamResult Noun Medico Noun Adjective Noun Noun Medico Medico ExamResult Noun Medico ExamResult Noun Adverb Medico Medico Noun Medico Adjective/Noun Noun Medico Noun Medico Noun/Verb Number Medico Noun Adjective/Noun/Verb Medico Adjective Medico Medico Noun/Verb Medico Adjective/Noun Adjective/Noun Noun Noun Medico Medico Medico Medico Adjective/Noun Medico Adjective Adjective/Noun Adjective Adjective Medico Adjective/Adverb/Noun Medico Adjective Noun/Verb Noun Number Medico Noun Noun Number Adverb Medico Medico Medico Medico Medico Adjective Noun Noun/Verb Noun Medico Adjective Adjective Medico Medico Adverb Medico Noun/Verb Medico Adjective/Adverb/Noun Noun Medico Adjective/Noun Adjective Adjective/Adverb/Noun Noun Medico Medico Adjective/Noun Noun Medico Adjective/Noun Medico Adjective/Noun Noun Medico Medico Adjective/Adverb/Noun Medico Medico Medico Adjective Noun Medico Adverb Adjective Medico Adjective Medico Noun Noun Number Noun Medico Medico Adjective/Noun Medico Adjective/Noun Number Noun Number Medico Adverb Adjective/Noun Medico Noun/Verb Adjective/Noun Noun Number Medico Adjective/Noun Medico Medico Noun Noun Medico Adjective/Noun Noun/Verb Noun Adjective Medico Noun/Verb Adjective/Noun Adjective Noun Medico Medico Noun Adverb Medico Adjective/Noun Adjective Medico Medico Noun Adverb/Noun Noun Noun Medico Medico Noun Adjective Noun/Verb Number Medico Adjective/Adverb Adjective/Noun Medico Noun Medico Adverb Noun/Verb Adjective
PMC12832199,PMC12832199_01,Noun Number Noun Adjective/Noun Adjective/Noun Medico Noun Medico Medico Medico Noun Noun Medico Adjective/Noun Adjective/Noun Noun/Verb Medico Noun Medico Medico Adjective Adjective/Noun Medico Medico Noun Adjective/Adverb/Noun Medico Adjective Number Noun Medico Medico Adjective Medico Verb Adjective Adjective/Noun Noun Medico Medico Noun Adjective Adjective/Noun Noun Medico Medico Noun Noun Medico Medico Adjective/Adverb/Noun Adjective Adverb Noun Medico Adjective/Noun Adjective/Noun Noun Medico Medico Medico Medico Adjective/Noun Adjective/Noun Medico Adjective/Noun Noun Adjective/Adverb Medico Medico Noun Adjective/Adverb/Noun Medico Medico Adjective Noun Medico Adjective Noun Medico Adjective/Adverb/Noun Medico Adjective Adjective Noun Noun/Verb Medico Adjective Adjective/Noun Medico Medico Noun Medico Noun Number Noun Medico Number Medico Adjective/Noun Medico Noun Noun Number Adjective/Adverb Noun Medico Noun Adverb Medico Noun Medico Medico Medico Adjective Noun Medico Medico Adjective Medico Medico Medico Medico Noun Noun Noun Medico Medico Noun Adjective/Noun/Verb Noun/Verb Noun Noun/Verb Number Medico Noun Noun ExamResult Noun Medico ExamResult Noun Medico Adjective/Noun Noun Noun Medico ExamResult Noun Noun Medico Adjective Adjective Noun Adjective/Noun Medico Noun Adverb Medico Medico Medico Noun Medico Noun/Verb Medico Adjective Noun Noun Noun Number Medico Medico Noun Adjective ExamResult Adjective/Adverb/Noun Medico Medico Noun Medico ExamResult Adverb Adjective/Adverb/Noun Noun Adjective Noun Adjective Medico Noun Noun Medico Adjective Adjective/Adverb Noun Medico Medico Adjective/Noun Noun Adjective/Noun/Verb Noun/Verb Medico Adjective Medico Medico Noun Medico Medico Medico Adjective Noun/Verb Noun Medico Medico Medico Medico Adjective/Adverb Adjective/Noun Noun Medico Noun Noun Noun/Verb Noun Medico Noun/Verb Adverb Adjective Noun Adjective/Adverb/Noun Noun/Verb Medico Adjective/Noun Adverb Medico Noun/Verb Adjective Medico Noun Adjective/Adverb/Noun Noun Medico Adverb Adjective/Adverb/Verb Adjective/Noun Adjective Adjective/Noun Adverb Medico Adjective/Noun Noun/Verb Medico Noun Adjective Medico Adjective/Adverb/Noun Adjective Medico Medico Adjective Noun Noun Medico Adjective/Adverb/Noun Noun Medico Noun Medico Noun Adjective/Adverb/Noun Adjective Medico Adjective Adjective/Adverb Medico Adjective Medico Noun Noun Medico Medico Medico Medico Noun/Verb Medico Adjective Noun Noun Adjective Noun Medico Adjective/Adverb/Noun/Verb Adverb Adjective/Adverb Adjective Adjective Noun Adjective/Noun Medico Noun Noun/Verb Medico Adjective Adjective/Noun Medico Noun Medico Adjective/Noun Adjective/Noun Medico Medico Noun Noun/Verb Adjective/Adverb/Verb Adjective/Noun Noun Medico Noun Medico Medico Noun Medico Medico Adjective/Adverb/Noun/Verb Adjective/Noun/Verb Medico Noun/Verb Medico Adjective Noun Medico Medico Noun Adverb Adjective/Noun Medico Noun Adjective/Adverb/Noun Noun/Verb Noun Adjective/Adverb/Noun Noun Medico Medico Adjective Adjective/Adverb Medico Noun Medico Adjective Noun Noun/Verb Adjective/Adverb/Noun Medico Adjective Medico Medico Adjective Noun Medico Medico Medico Medico Medico Medico Noun Medico Medico Medico Adjective/Adverb Adjective/Verb Noun Medico Verb Adjective Adjective Medico Noun Medico Noun Noun/Verb Medico Adjective/Noun Adverb Medico Medico Medico Noun/Verb Number Noun Adjective/Adverb Noun Medico Medico Noun/Verb Medico Adjective Medico Medico Medico Medico Noun Adjective/Adverb Noun Medico Medico Medico Noun Noun Number Noun Medico Medico Medico Noun/Verb Medico Adjective Adverb Medico Adjective/Adverb/Noun Medico Noun Adjective Medico Medico Noun Medico Adjective Medico Verb Noun Adverb Medico Medico Noun Medico Adjective/Adverb/Verb Adjective Medico Medico Noun/Verb Medico Adjective Medico Medico Noun Medico Verb Noun Adjective/Noun Noun/Verb Medico Medico Noun Medico Verb Adjective/Adverb/Verb Noun Adverb Medico Noun Medico Medico Noun/Verb Medico Adjective Adjective/Adverb Medico Adjective Medico Adjective Adjective/Noun/Verb Medico Medico Noun Medico Noun/Verb Medico Adjective Noun Noun Adjective/Noun Adjective Noun/Verb Medico Verb Adjective/Noun Noun/Verb Adverb Medico Adjective/Noun Noun/Verb Medico Medico Adjective/Noun Noun Medico Noun Noun Medico Adjective Noun Medico Noun/Verb Adjective Noun Medico Noun/Verb Medico Medico Medico Medico Noun/Verb Adjective/Adverb Medico Medico Noun Medico Medico Noun Adjective/Noun/Verb Medico Verb Adjective/Adverb/Noun/Verb Noun Medico Noun Adjective/Noun Noun/Verb Noun/Verb Medico Medico Noun/Verb Medico Medico Noun Noun Medico Noun/Verb Adjective Medico Verb ExamResult Medico Noun/Verb Adverb Medico Noun/Verb Noun/Verb Medico Medico Noun Adjective/Noun Medico Noun/Verb Adverb Adjective Medico Adjective Noun Medico Medico Noun/Verb Adjective/Adverb/Noun Noun/Verb Medico Medico Noun Medico Adjective Noun Medico Medico Adverb/Noun Medico Medico Adjective Medico Adjective/Noun/Verb Adjective Adjective/Adverb Noun Number Adjective/Noun Noun/Verb Medico Number Noun Medico Adjective Noun/Verb Noun Adjective Adverb/Noun/Verb Medico Adjective Medico Medico Adjective/Noun Medico Adjective Adjective/Adverb Noun/Verb Number Noun Medico Adjective/Adverb Noun Number Medico Adjective Noun Medico Adjective Adjective Noun Adjective/Adverb Adjective Adjective/Adverb/Noun Noun Medico Adjective Noun Adjective/Noun Medico Noun Medico Adjective Noun/Verb Medico Noun Adverb Medico Adjective Noun Medico Noun Noun/Verb Adjective Medico Medico Noun Medico Noun Noun Number Adjective/Adverb Medico Noun Medico Number Medico Adverb Adjective/Adverb/Noun Adjective Noun Medico Adjective Noun Number Adjective/Adverb Medico Adjective/Noun Noun Medico Medico Noun Medico Medico Adjective Adjective/Adverb Medico Adjective/Noun Noun/Verb Adverb/Noun Medico Noun Medico Adjective/Adverb/Noun Noun Medico Medico Medico Noun Medico Adjective Medico Medico Noun/Verb Medico Medico Adverb Adverb Adjective Medico Adjective Noun Medico Adverb Medico Adjective/Noun Noun/Verb Medico Adjective/Adverb Medico Medico Noun Medico Adjective/Noun Noun/Verb Medico Medico Adverb Medico Medico Noun Adjective/Adverb/Noun Noun Noun Medico Adjective Noun Number Medico Medico Verb Adjective/Adverb/Verb
